{"stats":{"minecraft:custom":{"minecraft:time_since_rest":4728,"minecraft:crouch_one_cm":185,"minecraft:play_time":4728,"minecraft:sprint_one_cm":12599,"minecraft:damage_taken":160,"minecraft:walk_one_cm":10280,"minecraft:sneak_time":75,"minecraft:mob_kills":2,"minecraft:jump":93,"minecraft:damage_dealt":360,"minecraft:leave_game":1,"minecraft:time_since_death":4728,"minecraft:total_world_time":4728,"minecraft:fall_one_cm":4182,"minecraft:interact_with_crafting_table":2,"minecraft:fly_one_cm":14792},"minecraft:picked_up":{"minecraft:birch_log":50,"minecraft:stick":6,"minecraft:crafting_table":2,"minecraft:rotten_flesh":1,"minecraft:string":2,"minecraft:birch_sapling":8,"minecraft:stripped_birch_log":1},"minecraft:broken":{"minecraft:wooden_axe":1},"minecraft:used":{"minecraft:wooden_axe":70,"minecraft:crafting_table":2},"minecraft:crafted":{"minecraft:birch_planks":112,"minecraft:crafting_table":1,"minecraft:stick":4,"minecraft:wooden_pickaxe":1,"minecraft:wooden_axe":2},"minecraft:killed":{"minecraft:spider":1,"graveyard:ghoul":1},"minecraft:mined":{"minecraft:birch_log":52,"minecraft:stripped_birch_log":1,"minecraft:birch_leaves":4,"minecraft:oak_leaves":1,"minecraft:crafting_table":2}},"DataVersion":3465}