{"stats":{"minecraft:mined":{"minecraft:white_bed":9,"warriorsofpastepoch:cistus":3,"minecraft:sculk_vein":25,"minecraft:brewing_stand":1,"herbology:vital_cactus":3,"minecraft:granite":2,"minecraft:grass_block":2,"minecraft:mud_bricks":9,"minecraft:composter":1,"minecraft:spawner":2,"minecraft:sculk_catalyst":1,"minecraft:mossy_cobblestone_stairs":1,"minecraft:iron_ore":10,"upgrade_aquatic:mulberry_vine":3,"minecraft:fire":1,"minecraft:moss_carpet":1,"minecraft:oak_stairs":8,"minecraft:smoker":2,"minecraft:blast_furnace":1,"minecraft:poppy":1,"minecraft:chest":1,"radiation_zone:deepslate_natural_uranium":3,"minecraft:cobblestone":17,"minecraft:grindstone":1,"minecraft:sugar_cane":13,"minecraft:blue_terracotta":4,"minecraft:birch_log":52,"minecraft:wheat":20,"minecraft:birch_trapdoor":8,"born_in_chaos_v1:river_mint":1,"minecraft:yellow_glazed_terracotta":5,"minecraft:grass":93,"minecraft:beetroots":2,"minecraft:dirt":12,"minecraft:netherrack":1,"minecraft:oak_leaves":5,"minecraft:deepslate":9,"minecraft:suspicious_gravel":2,"minecraft:yellow_terracotta":2,"gnumus:baked_gnumus_clay_slab":1,"minecraft:tuff":4,"minecraft:mossy_cobblestone":2,"minecraft:deepslate_diamond_ore":2,"minecraft:stripped_birch_log":1,"gravestone:gravestone":15,"minecraft:ladder":1,"totemic:tipi":1,"minecraft:spruce_leaves":9,"minecraft:moss_block":4,"minecraft:large_fern":1,"minecraft:furnace":6,"minecraft:packed_mud":1,"minecraft:carrots":11,"minecraft:raw_gold_block":4,"minecraft:andesite":1,"herbology:mighty_blossom_plant":1,"minecraft:bookshelf":4,"minecraft:potatoes":10,"warriorsofpastepoch:depositof_forgotten_steel":20,"gnumus:fragile_gnumus_jug":14,"minecraft:bamboo":2,"minecraft:stone":82,"herbology:salt_block":1,"born_in_chaos_v1:marigolds":1,"herbology:vital_cactus_stem":1,"minecraft:crafting_table":7,"herbology:hustle_berry_stem":1,"minecraft:sculk_sensor":10,"minecraft:lectern":1,"minecraft:tall_grass":14,"minecraft:copper_ore":1,"minecraft:lapis_ore":1,"minecraft:deepslate_gold_ore":3,"minecraft:sculk":221,"minecraft:diorite":6,"minecraft:red_terracotta":4,"minecraft:coarse_dirt":1,"minecraft:birch_leaves":5,"minecraft:yellow_bed":6,"minecraft:coal_ore":21,"gnumus:gnumus_clay_brick_slap":3,"minecraft:gravel":9,"minecraft:cobweb":9,"minecraft:gold_ore":4,"minecraft:fern":2},"minecraft:broken":{"minecraft:stone_axe":1,"minecraft:wooden_axe":1,"minecraft:iron_hoe":1},"minecraft:custom":{"minecraft:interact_with_crafting_table":49,"minecraft:open_barrel":13,"minecraft:bell_ring":1,"minecraft:leave_game":8,"minecraft:time_since_death":13773,"minecraft:sprint_one_cm":470991,"minecraft:drop":65,"minecraft:talked_to_villager":4,"minecraft:play_time":207866,"minecraft:deaths":15,"minecraft:jump":3932,"minecraft:interact_with_brewingstand":1,"minecraft:walk_on_water_one_cm":38401,"minecraft:interact_with_furnace":23,"minecraft:sleep_in_bed":6,"minecraft:damage_dealt":27490,"minecraft:player_kills":3,"minecraft:crouch_one_cm":25351,"minecraft:interact_with_smoker":6,"minecraft:mob_kills":128,"minecraft:damage_dealt_resisted":1415,"minecraft:climb_one_cm":3934,"minecraft:walk_one_cm":550028,"minecraft:sneak_time":5976,"minecraft:walk_under_water_one_cm":7817,"minecraft:interact_with_blast_furnace":2,"minecraft:total_world_time":207866,"minecraft:interact_with_stonecutter":1,"minecraft:time_since_rest":13832,"minecraft:damage_taken":7374,"minecraft:swim_one_cm":42641,"minecraft:fly_one_cm":685848,"minecraft:open_chest":77,"minecraft:fall_one_cm":141772},"minecraft:killed":{"arthropocolypse:ice_crawler":1,"born_in_chaos_v1:restless_spirit":4,"zesshou_echoes_of_the_forlorn:dreadhoof":1,"born_in_chaos_v1:skeleton_demoman":1,"born_in_chaos_v1:door_knight_not_despawn":1,"minecraft:spider":4,"naturalist:robin":1,"born_in_chaos_v1:siamese_skeletonsright":2,"born_in_chaos_v1:baby_skeleton_minion":4,"born_in_chaos_v1:scarlet_persecutor":1,"naturalist:snail":1,"warriorsofpastepoch:scavenger_rat":3,"minecraft:skeleton":4,"minecraft:chicken":1,"arthropocolypse:field_cricket":3,"gnumus:pitcher_mousse":1,"born_in_chaos_v1:bonescaller":1,"minecraft:pig":1,"minecraft:iron_golem":1,"arthropocolypse:stag_beetle":1,"minecraft:sheep":8,"minecraft:zombie":14,"born_in_chaos_v1:dread_hound":4,"born_in_chaos_v1:corpse_fly":2,"born_in_chaos_v1:door_knight":1,"arthropocolypse:mealworm_beetle":1,"minecraft:cow":4,"born_in_chaos_v1:siamese_skeletonsleft":2,"born_in_chaos_v1:zombie_bruiser":3,"born_in_chaos_v1:maggot":2,"gnumus:gnumus_worker":3,"zesshou_echoes_of_the_forlorn:brewer_skeleton":2,"gnumus:gnumus_hunter":2,"born_in_chaos_v1:corpse_fish":2,"zesshou_echoes_of_the_forlorn:deceased_zombie":4,"gnumus:gnumus_hunter_not_dispawn":2,"born_in_chaos_v1:fallen_chaos_knight":2,"graveyard:ghoul":2,"born_in_chaos_v1:baby_skeleton":4,"zesshou_echoes_of_the_forlorn:fallen_knight":1,"arthropocolypse:prairie_grasshopper":8,"born_in_chaos_v1:decrepit_skeleton":5,"arthropocolypse:platerodrilus":1,"zesshou_echoes_of_the_forlorn:reaper_skeleton":2,"born_in_chaos_v1:dark_vortex":1,"naturalist:sparrow":4,"minecraft:player":3,"minecraft:villager":3},"minecraft:killed_by":{"born_in_chaos_v1:zombie_bruiser":1,"man:managgresive":2,"minecraft:zombie":1,"zesshou_echoes_of_the_forlorn:deceased_zombie":1,"warriorsofpastepoch:scavenger_rat":1,"zesshou_echoes_of_the_forlorn:fallen_knight":1,"zesshou_echoes_of_the_forlorn:reaper_skeleton":1,"minecraft:spider":1,"minecraft:iron_golem":1,"born_in_chaos_v1:bonescaller":1,"minecraft:warden":1},"minecraft:used":{"herbology:hustle_berry":3,"minecraft:mutton":2,"warriorsofpastepoch:surgical_saw_cutlass":136,"minecraft:carrot":39,"minecraft:tuff":1,"born_in_chaos_v1:smoked_flesh":6,"minecraft:birch_trapdoor":12,"minecraft:sweet_berries":1,"minecraft:furnace":4,"minecraft:potato":38,"adventurez:cooked_venison":4,"upgrade_aquatic:mulberry":3,"minecraft:stone_pickaxe":64,"minecraft:wooden_pickaxe":6,"naturalist:duck_egg":1,"minecraft:blast_furnace":1,"minecraft:firework_rocket":2,"minecraft:bread":2,"minecraft:lectern":1,"minecraft:gravel":1,"minecraft:grindstone":1,"minecraft:bone_meal":21,"minecraft:golden_pickaxe":2,"minecraft:cobweb":4,"minecraft:oak_trapdoor":4,"minecraft:torch":1,"minecraft:brewing_stand":1,"minecraft:dirt":16,"minecraft:mossy_cobblestone_stairs":1,"minecraft:iron_hoe":249,"minecraft:wooden_axe":85,"minecraft:oak_stairs":41,"warriorsofpastepoch:musketeer_rapier":446,"warriorsofpastepoch:cistus":1,"minecraft:cobbled_deepslate":4,"minecraft:golden_axe":29,"totemic:tipi":4,"minecraft:cooked_mutton":21,"minecraft:cartography_table":1,"minecraft:mossy_cobblestone":2,"minecraft:crafting_table":8,"minecraft:white_bed":9,"minecraft:smoker":2,"minecraft:apple":9,"minecraft:iron_pickaxe":215,"minecraft:stone_axe":112,"minecraft:cobblestone":49,"minecraft:yellow_bed":6},"minecraft:dropped":{"minecraft:oak_log":3,"gnumus:gnumus_clay_brick_slap":1,"warriorsofpastepoch:musketeer_rapier":2,"minecraft:dirt":42,"minecraft:chain":1,"gravestone:obituary":11,"minecraft:birch_log":1,"minecraft:bone":22,"minecraft:cobbled_deepslate":6,"minecraft:birch_sapling":8,"minecraft:obsidian":3,"minecraft:pointed_dripstone":1,"minecraft:rotten_flesh":1,"minecraft:oak_planks":2,"minecraft:rabbit_hide":1,"minecraft:gunpowder":2,"minecraft:beetroot_seeds":2,"minecraft:chest":1,"warriorsofpastepoch:rat_carcass":2,"minecraft:golden_boots":1,"minecraft:wheat_seeds":8,"minecraft:mossy_cobblestone":3,"minecraft:dripstone_block":18,"minecraft:cobblestone":47,"minecraft:granite":2,"minecraft:stick":2,"minecraft:gray_wool":1,"minecraft:diorite":12,"minecraft:wooden_axe":1,"minecraft:string":12,"minecraft:coarse_dirt":1,"minecraft:spider_eye":1,"totemic:tipi":1,"minecraft:stone_pickaxe":2,"minecraft:wooden_pickaxe":1},"minecraft:crafted":{"minecraft:oak_planks":4,"warriorsofpastepoch:muketers_armor_boots":1,"warriorsofpastepoch:muketers_armor_leggings":1,"warriorsofpastepoch:thickened_skin":9,"warriorsofpastepoch:musket":1,"minecraft:cooked_mutton":20,"warriorsofpastepoch:musket_ammo":24,"minecraft:chest":1,"minecraft:crafting_table":1,"minecraft:wooden_pickaxe":1,"minecraft:birch_planks":128,"minecraft:paper":3,"minecraft:charcoal":7,"minecraft:stick":20,"minecraft:iron_pickaxe":1,"minecraft:iron_ingot":3,"warriorsofpastepoch:surgical_saw_cutlass":1,"minecraft:shears":1,"warriorsofpastepoch:muketers_armor_helmet":1,"warriorsofpastepoch:azure_fabric":16,"minecraft:furnace":1,"minecraft:bone_meal":21,"warriorsofpastepoch:forgotten_steel_nugget":27,"minecraft:leather":4,"minecraft:iron_hoe":1,"minecraft:stone_pickaxe":1,"warriorsofpastepoch:forgotten_steel_ingot":16,"warriorsofpastepoch:muketers_armor_chestplate":1,"minecraft:stone_axe":2,"minecraft:air":0,"totemic:tipi":1,"minecraft:white_wool":1,"warriorsofpastepoch:musketeer_rapier":1,"minecraft:wooden_axe":2,"minecraft:birch_trapdoor":6,"minecraft:white_bed":1,"minecraft:firework_rocket":3,"adventurez:cooked_venison":4},"minecraft:picked_up":{"minecraft:wheat":8,"gnumus:gnumus_claw":5,"minecraft:oak_stairs":7,"minecraft:brewing_stand":1,"minecraft:raw_copper":5,"minecraft:string":38,"born_in_chaos_v1:dark_upgrade":1,"minecraft:cobbled_deepslate":10,"warriorsofpastepoch:rat_carcass":4,"arthropocolypse:beetle_fragment":22,"minecraft:enchanted_golden_apple":1,"herbology:might_blossom_seed":2,"upgrade_aquatic:mulberry":6,"minecraft:furnace":5,"minecraft:stick":7,"minecraft:composter":1,"minecraft:birch_trapdoor":6,"minecraft:torch":1,"born_in_chaos_v1:phantom_powder":1,"minecraft:porkchop":2,"minecraft:pointed_dripstone":1,"minecraft:diorite":12,"herbology:hustle_berry":5,"gnumus:gnumus_clay_brick_slap":1,"minecraft:rotten_flesh":45,"gnumus:gnumus_chickpeas":19,"zesshou_echoes_of_the_forlorn:tainted_tender_potion":1,"minecraft:obsidian":3,"minecraft:blaze_powder":1,"minecraft:cobblestone":126,"minecraft:birch_log":50,"gnumus:gnumus_doubloons":12,"minecraft:feather":2,"zesshou_echoes_of_the_forlorn:predominant_tooth":4,"gnumus:overripe_carrot":12,"minecraft:smoker":2,"minecraft:potato":32,"minecraft:tuff":1,"herbology:vital_cactus":3,"minecraft:lapis_lazuli":21,"minecraft:stripped_birch_log":1,"minecraft:dirt":58,"gnumus:gnumus_pouch_2":3,"born_in_chaos_v1:marigolds":1,"born_in_chaos_v1:monster_skin":2,"arthropocolypse:mandible_part":1,"minecraft:bone":24,"minecraft:bow":1,"minecraft:wheat_seeds":64,"minecraft:raw_gold":7,"minecraft:grindstone":1,"minecraft:rabbit":3,"minecraft:bamboo":49,"minecraft:moss_block":1,"minecraft:oak_planks":2,"naturalist:duck_egg":1,"minecraft:mossy_cobblestone":6,"warriorsofpastepoch:forgotten_steel":20,"minecraft:diamond":2,"gnumus:gnumus_clay":51,"minecraft:granite":2,"minecraft:emerald":4,"minecraft:bread":6,"minecraft:oak_sapling":1,"born_in_chaos_v1:rotten_fish":2,"minecraft:charcoal":3,"minecraft:crafting_table":7,"minecraft:coarse_dirt":1,"minecraft:chicken":1,"born_in_chaos_v1:river_mint":1,"born_in_chaos_v1:seedof_chaos":1,"minecraft:chain":2,"gravestone:obituary":4,"warriorsofpastepoch:cistus":2,"graveyard:corruption":1,"minecraft:beef":12,"born_in_chaos_v1:gnawed_bones":2,"minecraft:light_gray_wool":1,"minecraft:lectern":1,"minecraft:sugar_cane":18,"minecraft:chest":1,"minecraft:birch_sapling":8,"minecraft:egg":1,"minecraft:raw_iron":12,"minecraft:raw_gold_block":4,"herbology:salt":1,"gnumus:juicy_meat":2,"zesshou_echoes_of_the_forlorn:dread_leather":3,"sophisticatedbackpacks:backpack":1,"totemic:tipi":4,"born_in_chaos_v1:pieceofdarkmetal":11,"minecraft:carrot":20,"herbology:vital_cactus_seed":6,"gnumus:pileof_gnumus_doubloons":1,"minecraft:arrow":6,"minecraft:beetroot_seeds":2,"warriorsofpastepoch:musketeer_rapier":2,"born_in_chaos_v1:trident_hayfork":1,"gnumus:mouse_skin":12,"minecraft:mutton":11,"minecraft:white_wool":22,"born_in_chaos_v1:fused_bone":4,"herbology:hustle_berry_seed":1,"born_in_chaos_v1:monster_flesh":3,"minecraft:leather":18,"gnumus:gnumus_pouch":3,"minecraft:oak_log":15,"minecraft:golden_boots":1,"minecraft:yellow_bed":6,"minecraft:gunpowder":5,"radiation_zone:natural_uranium":4,"minecraft:cooked_mutton":1,"minecraft:apple":14,"gnumus:gnumus_horn":1,"minecraft:rabbit_hide":1,"minecraft:stone_pickaxe":1,"minecraft:book":12,"minecraft:sweet_berries":1,"warriorsofpastepoch:batwing":2,"born_in_chaos_v1:ethereal_spirit":4,"minecraft:dripstone_block":27,"minecraft:gravel":1,"born_in_chaos_v1:dark_rod":1,"minecraft:blast_furnace":1,"minecraft:white_bed":10,"minecraft:spider_eye":1,"herbology:mighty_blossom":1,"minecraft:mossy_cobblestone_stairs":1,"minecraft:gray_wool":1,"minecraft:coal":66}},"DataVersion":3465}