{"stats":{"minecraft:custom":{"minecraft:mob_kills":73,"minecraft:interact_with_crafting_table":49,"minecraft:open_barrel":8,"minecraft:bell_ring":1,"minecraft:damage_dealt_resisted":382,"minecraft:leave_game":6,"minecraft:time_since_death":6945,"minecraft:climb_one_cm":443,"minecraft:sprint_one_cm":328544,"minecraft:walk_one_cm":406436,"minecraft:drop":50,"minecraft:talked_to_villager":4,"minecraft:play_time":152612,"minecraft:deaths":9,"minecraft:sneak_time":2634,"minecraft:walk_under_water_one_cm":2061,"minecraft:jump":2617,"minecraft:interact_with_brewingstand":1,"minecraft:interact_with_blast_furnace":2,"minecraft:walk_on_water_one_cm":12369,"minecraft:total_world_time":152612,"minecraft:interact_with_furnace":23,"minecraft:sleep_in_bed":6,"minecraft:time_since_rest":6971,"minecraft:damage_taken":4076,"minecraft:damage_dealt":13479,"minecraft:player_kills":3,"minecraft:swim_one_cm":13730,"minecraft:fly_one_cm":491772,"minecraft:open_chest":77,"minecraft:crouch_one_cm":9095,"minecraft:interact_with_smoker":6,"minecraft:fall_one_cm":82659},"minecraft:picked_up":{"minecraft:charcoal":3,"minecraft:crafting_table":7,"minecraft:coarse_dirt":1,"minecraft:wheat":8,"minecraft:chicken":1,"born_in_chaos_v1:river_mint":1,"gnumus:gnumus_claw":5,"minecraft:oak_stairs":7,"gravestone:obituary":1,"minecraft:chain":1,"minecraft:brewing_stand":1,"minecraft:string":10,"minecraft:raw_copper":5,"warriorsofpastepoch:cistus":2,"minecraft:cobbled_deepslate":6,"warriorsofpastepoch:rat_carcass":4,"minecraft:beef":12,"arthropocolypse:beetle_fragment":22,"born_in_chaos_v1:gnawed_bones":1,"minecraft:lectern":1,"minecraft:light_gray_wool":1,"upgrade_aquatic:mulberry":4,"minecraft:sugar_cane":18,"minecraft:chest":1,"minecraft:birch_sapling":8,"minecraft:furnace":5,"minecraft:egg":1,"minecraft:stick":7,"minecraft:raw_iron":12,"gnumus:juicy_meat":2,"minecraft:birch_trapdoor":6,"minecraft:raw_gold_block":4,"minecraft:torch":1,"minecraft:composter":1,"herbology:salt":1,"born_in_chaos_v1:phantom_powder":1,"minecraft:porkchop":2,"minecraft:diorite":12,"minecraft:pointed_dripstone":1,"totemic:tipi":4,"born_in_chaos_v1:pieceofdarkmetal":4,"minecraft:carrot":20,"gnumus:gnumus_clay_brick_slap":1,"gnumus:pileof_gnumus_doubloons":1,"minecraft:arrow":1,"minecraft:rotten_flesh":30,"minecraft:beetroot_seeds":2,"gnumus:gnumus_chickpeas":19,"warriorsofpastepoch:musketeer_rapier":1,"zesshou_echoes_of_the_forlorn:tainted_tender_potion":1,"born_in_chaos_v1:trident_hayfork":1,"gnumus:mouse_skin":8,"minecraft:obsidian":3,"minecraft:mutton":9,"minecraft:white_wool":21,"minecraft:cobblestone":125,"minecraft:birch_log":50,"gnumus:gnumus_doubloons":12,"minecraft:feather":2,"zesshou_echoes_of_the_forlorn:predominant_tooth":2,"gnumus:overripe_carrot":12,"minecraft:leather":18,"minecraft:smoker":2,"minecraft:potato":32,"gnumus:gnumus_pouch":3,"minecraft:tuff":1,"minecraft:oak_log":15,"minecraft:golden_boots":1,"minecraft:yellow_bed":6,"minecraft:gunpowder":2,"minecraft:lapis_lazuli":21,"minecraft:stripped_birch_log":1,"minecraft:dirt":34,"radiation_zone:natural_uranium":1,"gnumus:gnumus_pouch_2":2,"born_in_chaos_v1:monster_skin":1,"born_in_chaos_v1:marigolds":1,"minecraft:cooked_mutton":1,"minecraft:bone":9,"minecraft:apple":5,"minecraft:bow":1,"minecraft:wheat_seeds":62,"minecraft:raw_gold":7,"minecraft:rabbit_hide":1,"minecraft:grindstone":1,"minecraft:stone_pickaxe":1,"minecraft:rabbit":3,"minecraft:moss_block":1,"minecraft:oak_planks":2,"minecraft:book":12,"minecraft:sweet_berries":1,"born_in_chaos_v1:ethereal_spirit":1,"minecraft:dripstone_block":27,"minecraft:blast_furnace":1,"naturalist:duck_egg":1,"minecraft:white_bed":10,"minecraft:mossy_cobblestone":4,"warriorsofpastepoch:forgotten_steel":20,"minecraft:diamond":1,"gnumus:gnumus_clay":51,"minecraft:granite":1,"minecraft:gray_wool":1,"minecraft:mossy_cobblestone_stairs":1,"minecraft:bread":6,"minecraft:emerald":4,"minecraft:oak_sapling":1,"minecraft:coal":66},"minecraft:broken":{"minecraft:stone_axe":1,"minecraft:wooden_axe":1},"minecraft:used":{"minecraft:oak_trapdoor":4,"minecraft:torch":1,"minecraft:brewing_stand":1,"warriorsofpastepoch:surgical_saw_cutlass":2,"minecraft:carrot":10,"minecraft:tuff":1,"minecraft:iron_hoe":9,"minecraft:mossy_cobblestone_stairs":1,"minecraft:wooden_axe":85,"born_in_chaos_v1:smoked_flesh":1,"minecraft:oak_stairs":41,"warriorsofpastepoch:musketeer_rapier":252,"minecraft:birch_trapdoor":12,"warriorsofpastepoch:cistus":1,"minecraft:sweet_berries":1,"minecraft:furnace":4,"minecraft:potato":38,"minecraft:golden_axe":29,"totemic:tipi":4,"minecraft:cooked_mutton":21,"adventurez:cooked_venison":1,"minecraft:stone_pickaxe":64,"minecraft:cartography_table":1,"minecraft:wooden_pickaxe":6,"naturalist:duck_egg":1,"minecraft:mossy_cobblestone":1,"minecraft:crafting_table":8,"minecraft:blast_furnace":1,"minecraft:white_bed":9,"minecraft:smoker":2,"minecraft:firework_rocket":2,"minecraft:bread":2,"minecraft:iron_pickaxe":189,"minecraft:lectern":1,"minecraft:stone_axe":104,"minecraft:cobblestone":48,"minecraft:grindstone":1,"minecraft:yellow_bed":6,"minecraft:bone_meal":21,"minecraft:cobweb":4,"minecraft:golden_pickaxe":2},"minecraft:crafted":{"minecraft:oak_planks":4,"warriorsofpastepoch:muketers_armor_boots":1,"warriorsofpastepoch:muketers_armor_helmet":1,"warriorsofpastepoch:muketers_armor_leggings":1,"warriorsofpastepoch:azure_fabric":16,"minecraft:furnace":1,"warriorsofpastepoch:thickened_skin":9,"minecraft:bone_meal":21,"warriorsofpastepoch:forgotten_steel_nugget":27,"warriorsofpastepoch:musket":1,"minecraft:cooked_mutton":20,"warriorsofpastepoch:musket_ammo":24,"minecraft:leather":4,"minecraft:iron_hoe":1,"minecraft:stone_pickaxe":1,"minecraft:chest":1,"warriorsofpastepoch:forgotten_steel_ingot":16,"minecraft:crafting_table":1,"warriorsofpastepoch:muketers_armor_chestplate":1,"minecraft:wooden_pickaxe":1,"minecraft:birch_planks":128,"minecraft:stone_axe":2,"minecraft:air":0,"totemic:tipi":1,"minecraft:white_wool":1,"minecraft:paper":3,"minecraft:charcoal":7,"minecraft:birch_trapdoor":6,"minecraft:stick":20,"minecraft:iron_ingot":3,"warriorsofpastepoch:musketeer_rapier":1,"minecraft:iron_pickaxe":1,"minecraft:wooden_axe":2,"minecraft:white_bed":1,"warriorsofpastepoch:surgical_saw_cutlass":1,"minecraft:shears":1,"minecraft:firework_rocket":3,"adventurez:cooked_venison":4},"minecraft:dropped":{"minecraft:golden_boots":1,"minecraft:wheat_seeds":6,"minecraft:oak_log":3,"minecraft:mossy_cobblestone":2,"gnumus:gnumus_clay_brick_slap":1,"minecraft:dripstone_block":18,"minecraft:cobblestone":46,"warriorsofpastepoch:musketeer_rapier":1,"minecraft:stick":2,"minecraft:dirt":26,"minecraft:gray_wool":1,"minecraft:diorite":12,"minecraft:wooden_axe":1,"minecraft:chain":1,"gravestone:obituary":8,"minecraft:birch_log":1,"minecraft:bone":4,"minecraft:coarse_dirt":1,"minecraft:cobbled_deepslate":6,"minecraft:birch_sapling":8,"minecraft:obsidian":3,"minecraft:pointed_dripstone":1,"minecraft:rotten_flesh":1,"minecraft:oak_planks":2,"minecraft:rabbit_hide":1,"minecraft:beetroot_seeds":2,"minecraft:chest":1,"totemic:tipi":1,"minecraft:stone_pickaxe":2,"minecraft:wooden_pickaxe":1,"warriorsofpastepoch:rat_carcass":2},"minecraft:killed":{"arthropocolypse:ice_crawler":1,"born_in_chaos_v1:restless_spirit":2,"born_in_chaos_v1:door_knight_not_despawn":1,"minecraft:spider":1,"naturalist:robin":1,"born_in_chaos_v1:zombie_bruiser":3,"naturalist:snail":1,"warriorsofpastepoch:scavenger_rat":3,"minecraft:skeleton":2,"gnumus:gnumus_worker":3,"minecraft:chicken":1,"zesshou_echoes_of_the_forlorn:brewer_skeleton":1,"arthropocolypse:field_cricket":3,"gnumus:pitcher_mousse":1,"gnumus:gnumus_hunter":2,"zesshou_echoes_of_the_forlorn:deceased_zombie":1,"gnumus:gnumus_hunter_not_dispawn":2,"minecraft:pig":1,"graveyard:ghoul":1,"zesshou_echoes_of_the_forlorn:fallen_knight":1,"minecraft:iron_golem":1,"arthropocolypse:prairie_grasshopper":8,"born_in_chaos_v1:decrepit_skeleton":2,"minecraft:sheep":8,"minecraft:zombie":7,"arthropocolypse:platerodrilus":1,"zesshou_echoes_of_the_forlorn:reaper_skeleton":2,"arthropocolypse:mealworm_beetle":1,"minecraft:player":3,"naturalist:sparrow":4,"minecraft:villager":3,"minecraft:cow":4},"minecraft:mined":{"minecraft:yellow_terracotta":2,"gnumus:baked_gnumus_clay_slab":1,"minecraft:tuff":1,"minecraft:white_bed":9,"warriorsofpastepoch:cistus":3,"minecraft:mossy_cobblestone":2,"minecraft:deepslate_diamond_ore":1,"minecraft:stripped_birch_log":1,"minecraft:brewing_stand":1,"minecraft:granite":1,"minecraft:ladder":1,"gravestone:gravestone":9,"minecraft:grass_block":2,"totemic:tipi":1,"minecraft:spawner":2,"minecraft:spruce_leaves":9,"minecraft:mud_bricks":9,"minecraft:composter":1,"minecraft:moss_block":2,"minecraft:large_fern":1,"minecraft:packed_mud":1,"minecraft:carrots":11,"minecraft:furnace":6,"minecraft:mossy_cobblestone_stairs":1,"minecraft:raw_gold_block":4,"minecraft:iron_ore":10,"upgrade_aquatic:mulberry_vine":2,"minecraft:andesite":1,"minecraft:moss_carpet":1,"minecraft:bookshelf":4,"minecraft:potatoes":10,"minecraft:oak_stairs":8,"gnumus:fragile_gnumus_jug":14,"warriorsofpastepoch:depositof_forgotten_steel":20,"minecraft:stone":77,"herbology:salt_block":1,"born_in_chaos_v1:marigolds":1,"minecraft:smoker":2,"minecraft:crafting_table":7,"minecraft:blast_furnace":1,"minecraft:poppy":1,"minecraft:chest":1,"minecraft:lectern":1,"minecraft:copper_ore":1,"minecraft:tall_grass":14,"minecraft:cobblestone":17,"minecraft:deepslate_gold_ore":3,"minecraft:grindstone":1,"minecraft:sugar_cane":13,"minecraft:diorite":6,"minecraft:red_terracotta":4,"minecraft:coarse_dirt":1,"minecraft:blue_terracotta":4,"minecraft:birch_log":52,"minecraft:wheat":20,"minecraft:birch_trapdoor":8,"minecraft:birch_leaves":4,"born_in_chaos_v1:river_mint":1,"minecraft:yellow_bed":6,"minecraft:yellow_glazed_terracotta":5,"minecraft:grass":88,"minecraft:coal_ore":21,"minecraft:beetroots":2,"gnumus:gnumus_clay_brick_slap":3,"minecraft:gravel":8,"minecraft:dirt":12,"minecraft:cobweb":9,"minecraft:netherrack":1,"minecraft:gold_ore":4,"minecraft:oak_leaves":4,"minecraft:fern":2,"minecraft:suspicious_gravel":2},"minecraft:killed_by":{"minecraft:iron_golem":1,"born_in_chaos_v1:zombie_bruiser":1,"man:managgresive":1,"minecraft:zombie":1,"warriorsofpastepoch:scavenger_rat":1,"zesshou_echoes_of_the_forlorn:fallen_knight":1,"zesshou_echoes_of_the_forlorn:reaper_skeleton":1}},"DataVersion":3465}