{"stats":{"minecraft:custom":{"minecraft:time_since_rest":14604,"minecraft:interact_with_furnace":4,"minecraft:sprint_one_cm":40985,"minecraft:damage_taken":245,"minecraft:walk_one_cm":34325,"minecraft:mob_kills":13,"minecraft:damage_dealt":1300,"minecraft:swim_one_cm":989,"minecraft:interact_with_crafting_table":4,"minecraft:fly_one_cm":87835,"minecraft:open_chest":3,"minecraft:crouch_one_cm":935,"minecraft:play_time":14604,"minecraft:sneak_time":296,"minecraft:walk_under_water_one_cm":89,"minecraft:jump":379,"minecraft:leave_game":1,"minecraft:time_since_death":14604,"minecraft:walk_on_water_one_cm":807,"minecraft:total_world_time":14604,"minecraft:fall_one_cm":10475},"minecraft:picked_up":{"minecraft:birch_log":50,"minecraft:stick":6,"minecraft:crafting_table":4,"born_in_chaos_v1:river_mint":1,"minecraft:composter":1,"minecraft:leather":6,"minecraft:potato":1,"minecraft:carrot":4,"minecraft:stripped_birch_log":1,"minecraft:string":2,"warriorsofpastepoch:cistus":2,"minecraft:rotten_flesh":1,"minecraft:beetroot_seeds":2,"minecraft:wheat_seeds":10,"minecraft:beef":9,"minecraft:light_gray_wool":1,"minecraft:gray_wool":1,"minecraft:chest":1,"upgrade_aquatic:mulberry":4,"minecraft:birch_sapling":8,"minecraft:sugar_cane":5,"minecraft:mutton":7,"minecraft:white_wool":3,"minecraft:cobblestone":24},"minecraft:broken":{"minecraft:wooden_axe":1},"minecraft:used":{"minecraft:cooked_mutton":5,"minecraft:wooden_axe":85,"minecraft:stone_pickaxe":25,"minecraft:wooden_pickaxe":6,"minecraft:stone_axe":5,"warriorsofpastepoch:cistus":1,"minecraft:cobblestone":4,"minecraft:crafting_table":3,"minecraft:furnace":1,"minecraft:golden_axe":28,"minecraft:golden_pickaxe":2},"minecraft:crafted":{"minecraft:charcoal":7,"minecraft:crafting_table":1,"minecraft:stick":4,"minecraft:wooden_pickaxe":1,"minecraft:stone_pickaxe":1,"minecraft:wooden_axe":2,"minecraft:furnace":1,"minecraft:birch_planks":112,"minecraft:stone_axe":1,"minecraft:cooked_mutton":5,"minecraft:air":0},"minecraft:killed":{"naturalist:snail":1,"minecraft:sheep":5,"minecraft:zombie":1,"graveyard:ghoul":1,"minecraft:spider":1,"minecraft:cow":4},"minecraft:mined":{"warriorsofpastepoch:cistus":2,"minecraft:carrots":4,"minecraft:furnace":1,"minecraft:wheat":4,"minecraft:birch_log":52,"upgrade_aquatic:mulberry_vine":2,"minecraft:stripped_birch_log":1,"minecraft:birch_leaves":4,"born_in_chaos_v1:river_mint":1,"minecraft:crafting_table":4,"minecraft:grass":46,"minecraft:potatoes":2,"minecraft:beetroots":2,"minecraft:chest":1,"minecraft:composter":1,"minecraft:stone":24,"minecraft:netherrack":1,"minecraft:sugar_cane":4,"minecraft:oak_leaves":1}},"DataVersion":3465}