{"stats":{"minecraft:custom":{"minecraft:mob_kills":24,"minecraft:interact_with_crafting_table":26,"minecraft:leave_game":3,"minecraft:time_since_death":5335,"minecraft:sprint_one_cm":74975,"minecraft:walk_one_cm":111236,"minecraft:drop":22,"minecraft:play_time":48126,"minecraft:deaths":4,"minecraft:sneak_time":576,"minecraft:walk_under_water_one_cm":89,"minecraft:jump":818,"minecraft:interact_with_blast_furnace":1,"minecraft:walk_on_water_one_cm":4093,"minecraft:total_world_time":48126,"minecraft:interact_with_furnace":19,"minecraft:sleep_in_bed":1,"minecraft:time_since_rest":5372,"minecraft:damage_taken":2202,"minecraft:damage_dealt":6461,"minecraft:player_kills":1,"minecraft:swim_one_cm":989,"minecraft:fly_one_cm":139963,"minecraft:open_chest":3,"minecraft:crouch_one_cm":1690,"minecraft:interact_with_smoker":4,"minecraft:fall_one_cm":26419},"minecraft:picked_up":{"minecraft:charcoal":3,"minecraft:crafting_table":7,"born_in_chaos_v1:river_mint":1,"minecraft:chain":1,"minecraft:string":2,"warriorsofpastepoch:cistus":2,"minecraft:cobbled_deepslate":3,"minecraft:beef":9,"born_in_chaos_v1:gnawed_bones":1,"minecraft:light_gray_wool":1,"minecraft:birch_sapling":8,"minecraft:chest":1,"minecraft:sugar_cane":16,"upgrade_aquatic:mulberry":4,"minecraft:furnace":2,"minecraft:stick":6,"minecraft:raw_iron":3,"minecraft:composter":1,"herbology:salt":1,"totemic:tipi":2,"minecraft:diorite":6,"born_in_chaos_v1:pieceofdarkmetal":4,"minecraft:carrot":4,"gnumus:gnumus_clay_brick_slap":1,"gnumus:pileof_gnumus_doubloons":1,"minecraft:rotten_flesh":17,"minecraft:beetroot_seeds":2,"gnumus:gnumus_chickpeas":3,"minecraft:mutton":7,"minecraft:obsidian":3,"minecraft:white_wool":3,"minecraft:cobblestone":75,"minecraft:birch_log":50,"gnumus:gnumus_doubloons":1,"zesshou_echoes_of_the_forlorn:predominant_tooth":1,"minecraft:leather":6,"minecraft:smoker":1,"minecraft:potato":1,"minecraft:oak_log":6,"minecraft:gunpowder":2,"minecraft:stripped_birch_log":1,"minecraft:dirt":4,"radiation_zone:natural_uranium":1,"born_in_chaos_v1:monster_skin":1,"minecraft:cooked_mutton":1,"minecraft:bone":1,"minecraft:apple":1,"minecraft:bow":1,"minecraft:wheat_seeds":16,"minecraft:rabbit_hide":1,"minecraft:stone_pickaxe":1,"born_in_chaos_v1:ethereal_spirit":1,"minecraft:dripstone_block":9,"minecraft:white_bed":2,"minecraft:mossy_cobblestone":2,"warriorsofpastepoch:forgotten_steel":5,"minecraft:diamond":1,"minecraft:gray_wool":1,"minecraft:coal":53},"minecraft:broken":{"minecraft:stone_axe":1,"minecraft:wooden_axe":1},"minecraft:used":{"minecraft:iron_hoe":5,"minecraft:wooden_axe":85,"warriorsofpastepoch:musketeer_rapier":18,"warriorsofpastepoch:cistus":1,"minecraft:furnace":3,"minecraft:golden_axe":29,"totemic:tipi":1,"minecraft:cooked_mutton":8,"minecraft:stone_pickaxe":64,"minecraft:wooden_pickaxe":6,"minecraft:crafting_table":4,"minecraft:iron_pickaxe":66,"minecraft:stone_axe":72,"minecraft:cobblestone":10,"minecraft:golden_pickaxe":2},"minecraft:crafted":{"minecraft:oak_planks":4,"minecraft:furnace":1,"warriorsofpastepoch:forgotten_steel_nugget":9,"warriorsofpastepoch:musket":1,"minecraft:cooked_mutton":20,"warriorsofpastepoch:musket_ammo":4,"minecraft:iron_hoe":1,"minecraft:stone_pickaxe":1,"minecraft:chest":1,"warriorsofpastepoch:forgotten_steel_ingot":5,"minecraft:crafting_table":1,"minecraft:wooden_pickaxe":1,"minecraft:birch_planks":124,"minecraft:stone_axe":2,"minecraft:air":0,"totemic:tipi":1,"minecraft:paper":3,"minecraft:charcoal":7,"minecraft:stick":16,"minecraft:iron_pickaxe":1,"minecraft:iron_ingot":3,"warriorsofpastepoch:musketeer_rapier":1,"minecraft:wooden_axe":2},"minecraft:dropped":{"minecraft:wheat_seeds":6,"minecraft:mossy_cobblestone":2,"gnumus:gnumus_clay_brick_slap":1,"minecraft:cobblestone":6,"minecraft:gray_wool":1,"minecraft:wooden_axe":1,"gravestone:obituary":4,"minecraft:birch_log":1,"minecraft:birch_sapling":8,"minecraft:obsidian":3,"minecraft:rotten_flesh":1,"minecraft:rabbit_hide":1,"minecraft:beetroot_seeds":2,"minecraft:chest":1,"totemic:tipi":1,"minecraft:stone_pickaxe":2,"minecraft:wooden_pickaxe":1},"minecraft:killed":{"born_in_chaos_v1:restless_spirit":1,"minecraft:spider":1,"born_in_chaos_v1:zombie_bruiser":2,"naturalist:snail":1,"minecraft:skeleton":1,"zesshou_echoes_of_the_forlorn:deceased_zombie":1,"graveyard:ghoul":1,"zesshou_echoes_of_the_forlorn:fallen_knight":1,"minecraft:sheep":5,"minecraft:zombie":5,"zesshou_echoes_of_the_forlorn:reaper_skeleton":1,"minecraft:player":1,"minecraft:cow":4},"minecraft:mined":{"gnumus:baked_gnumus_clay_slab":1,"minecraft:white_bed":1,"warriorsofpastepoch:cistus":2,"minecraft:deepslate_diamond_ore":1,"minecraft:stripped_birch_log":1,"gravestone:gravestone":4,"minecraft:grass_block":1,"minecraft:composter":1,"minecraft:large_fern":1,"minecraft:furnace":3,"minecraft:carrots":4,"minecraft:iron_ore":3,"upgrade_aquatic:mulberry_vine":2,"minecraft:andesite":1,"minecraft:potatoes":2,"gnumus:fragile_gnumus_jug":4,"warriorsofpastepoch:depositof_forgotten_steel":5,"minecraft:stone":67,"herbology:salt_block":1,"minecraft:smoker":1,"minecraft:crafting_table":7,"minecraft:chest":1,"minecraft:sugar_cane":9,"minecraft:diorite":6,"minecraft:birch_log":52,"minecraft:wheat":4,"minecraft:birch_leaves":4,"born_in_chaos_v1:river_mint":1,"minecraft:grass":48,"minecraft:coal_ore":21,"minecraft:beetroots":2,"gnumus:gnumus_clay_brick_slap":3,"minecraft:dirt":3,"minecraft:netherrack":1,"minecraft:oak_leaves":1},"minecraft:killed_by":{"born_in_chaos_v1:zombie_bruiser":1,"minecraft:zombie":1,"zesshou_echoes_of_the_forlorn:fallen_knight":1}},"DataVersion":3465}