{"stats":{"minecraft:custom":{"minecraft:interact_with_furnace":13,"minecraft:mob_kills":17,"minecraft:interact_with_crafting_table":16,"minecraft:leave_game":3,"minecraft:time_since_death":2573,"minecraft:sleep_in_bed":1,"minecraft:time_since_rest":2660,"minecraft:sprint_one_cm":64875,"minecraft:damage_taken":1390,"minecraft:walk_one_cm":87902,"minecraft:drop":19,"minecraft:damage_dealt":3454,"minecraft:swim_one_cm":989,"minecraft:fly_one_cm":124782,"minecraft:open_chest":3,"minecraft:crouch_one_cm":1690,"minecraft:play_time":36126,"minecraft:deaths":2,"minecraft:sneak_time":561,"minecraft:walk_under_water_one_cm":89,"minecraft:jump":661,"minecraft:walk_on_water_one_cm":3848,"minecraft:total_world_time":36126,"minecraft:interact_with_smoker":4,"minecraft:fall_one_cm":22474},"minecraft:picked_up":{"minecraft:birch_log":50,"minecraft:charcoal":3,"minecraft:crafting_table":6,"gnumus:gnumus_doubloons":1,"born_in_chaos_v1:river_mint":1,"minecraft:leather":6,"minecraft:smoker":1,"minecraft:potato":1,"minecraft:gunpowder":2,"minecraft:dirt":4,"minecraft:stripped_birch_log":1,"minecraft:string":2,"warriorsofpastepoch:cistus":2,"minecraft:cooked_mutton":1,"minecraft:apple":1,"minecraft:wheat_seeds":16,"minecraft:cobbled_deepslate":3,"minecraft:rabbit_hide":1,"minecraft:beef":9,"minecraft:stone_pickaxe":1,"minecraft:light_gray_wool":1,"minecraft:sugar_cane":16,"upgrade_aquatic:mulberry":4,"minecraft:chest":1,"minecraft:birch_sapling":8,"minecraft:furnace":2,"minecraft:raw_iron":3,"minecraft:stick":6,"minecraft:composter":1,"herbology:salt":1,"minecraft:dripstone_block":5,"minecraft:diorite":6,"totemic:tipi":2,"minecraft:white_bed":2,"minecraft:carrot":4,"minecraft:mossy_cobblestone":2,"gnumus:gnumus_clay_brick_slap":1,"gnumus:pileof_gnumus_doubloons":1,"minecraft:rotten_flesh":6,"minecraft:diamond":1,"minecraft:beetroot_seeds":2,"gnumus:gnumus_chickpeas":3,"minecraft:gray_wool":1,"minecraft:obsidian":3,"minecraft:mutton":7,"minecraft:coal":53,"minecraft:white_wool":3,"minecraft:cobblestone":75},"minecraft:broken":{"minecraft:wooden_axe":1},"minecraft:used":{"minecraft:cooked_mutton":6,"minecraft:stone_pickaxe":64,"minecraft:wooden_pickaxe":6,"minecraft:crafting_table":4,"minecraft:iron_hoe":5,"minecraft:wooden_axe":85,"minecraft:iron_pickaxe":54,"warriorsofpastepoch:cistus":1,"minecraft:stone_axe":45,"minecraft:cobblestone":10,"minecraft:furnace":3,"minecraft:golden_pickaxe":2,"minecraft:golden_axe":29,"totemic:tipi":1},"minecraft:crafted":{"minecraft:crafting_table":1,"minecraft:wooden_pickaxe":1,"minecraft:furnace":1,"minecraft:birch_planks":124,"minecraft:stone_axe":1,"minecraft:cooked_mutton":20,"minecraft:air":0,"totemic:tipi":1,"minecraft:charcoal":7,"minecraft:iron_hoe":1,"minecraft:stick":12,"minecraft:iron_ingot":3,"minecraft:stone_pickaxe":1,"minecraft:iron_pickaxe":1,"minecraft:wooden_axe":2,"minecraft:chest":1},"minecraft:dropped":{"minecraft:wheat_seeds":6,"minecraft:mossy_cobblestone":2,"gnumus:gnumus_clay_brick_slap":1,"minecraft:birch_sapling":8,"minecraft:obsidian":3,"minecraft:cobblestone":6,"minecraft:rotten_flesh":1,"minecraft:rabbit_hide":1,"minecraft:gray_wool":1,"minecraft:beetroot_seeds":2,"minecraft:wooden_axe":1,"minecraft:chest":1,"gravestone:obituary":1,"totemic:tipi":1,"minecraft:wooden_pickaxe":1,"minecraft:stone_pickaxe":2,"minecraft:birch_log":1},"minecraft:killed":{"zesshou_echoes_of_the_forlorn:deceased_zombie":1,"graveyard:ghoul":1,"minecraft:spider":1,"naturalist:snail":1,"minecraft:sheep":5,"minecraft:zombie":4,"minecraft:cow":4},"minecraft:mined":{"herbology:salt_block":1,"gnumus:baked_gnumus_clay_slab":1,"minecraft:white_bed":1,"warriorsofpastepoch:cistus":2,"minecraft:deepslate_diamond_ore":1,"minecraft:smoker":1,"minecraft:stripped_birch_log":1,"minecraft:crafting_table":6,"gravestone:gravestone":2,"minecraft:grass_block":1,"minecraft:chest":1,"minecraft:sugar_cane":9,"minecraft:composter":1,"minecraft:diorite":6,"minecraft:large_fern":1,"minecraft:carrots":4,"minecraft:furnace":3,"minecraft:iron_ore":3,"minecraft:birch_log":52,"upgrade_aquatic:mulberry_vine":2,"minecraft:wheat":4,"minecraft:birch_leaves":4,"minecraft:andesite":1,"born_in_chaos_v1:river_mint":1,"minecraft:grass":48,"minecraft:potatoes":2,"minecraft:coal_ore":21,"minecraft:beetroots":2,"gnumus:gnumus_clay_brick_slap":3,"minecraft:dirt":3,"gnumus:fragile_gnumus_jug":4,"minecraft:stone":67,"minecraft:netherrack":1,"minecraft:oak_leaves":1},"minecraft:killed_by":{"minecraft:zombie":1}},"DataVersion":3465}