{"stats":{"minecraft:custom":{"minecraft:interact_with_furnace":12,"minecraft:mob_kills":16,"minecraft:interact_with_crafting_table":15,"minecraft:leave_game":1,"minecraft:time_since_death":26604,"minecraft:sleep_in_bed":1,"minecraft:time_since_rest":4128,"minecraft:sprint_one_cm":55702,"minecraft:damage_taken":312,"minecraft:walk_one_cm":69820,"minecraft:drop":16,"minecraft:damage_dealt":2343,"minecraft:swim_one_cm":989,"minecraft:fly_one_cm":108996,"minecraft:open_chest":3,"minecraft:crouch_one_cm":1365,"minecraft:play_time":26604,"minecraft:sneak_time":411,"minecraft:walk_under_water_one_cm":89,"minecraft:jump":528,"minecraft:walk_on_water_one_cm":1372,"minecraft:interact_with_smoker":3,"minecraft:total_world_time":26604,"minecraft:fall_one_cm":13372},"minecraft:picked_up":{"minecraft:birch_log":50,"minecraft:charcoal":3,"minecraft:crafting_table":5,"gnumus:gnumus_doubloons":1,"born_in_chaos_v1:river_mint":1,"minecraft:leather":6,"minecraft:potato":1,"minecraft:gunpowder":2,"minecraft:string":2,"minecraft:stripped_birch_log":1,"warriorsofpastepoch:cistus":2,"minecraft:apple":1,"minecraft:wheat_seeds":16,"minecraft:rabbit_hide":1,"minecraft:beef":9,"minecraft:stone_pickaxe":1,"minecraft:light_gray_wool":1,"minecraft:sugar_cane":16,"upgrade_aquatic:mulberry":4,"minecraft:chest":1,"minecraft:birch_sapling":8,"minecraft:furnace":2,"minecraft:raw_iron":3,"minecraft:stick":6,"minecraft:composter":1,"herbology:salt":1,"minecraft:white_bed":2,"totemic:tipi":1,"minecraft:carrot":4,"minecraft:mossy_cobblestone":2,"gnumus:gnumus_clay_brick_slap":1,"gnumus:pileof_gnumus_doubloons":1,"minecraft:rotten_flesh":6,"minecraft:beetroot_seeds":2,"gnumus:gnumus_chickpeas":3,"minecraft:gray_wool":1,"minecraft:obsidian":3,"minecraft:coal":45,"minecraft:mutton":7,"minecraft:white_wool":3,"minecraft:cobblestone":34},"minecraft:broken":{"minecraft:wooden_axe":1},"minecraft:used":{"minecraft:cooked_mutton":5,"minecraft:stone_pickaxe":64,"minecraft:wooden_pickaxe":6,"minecraft:crafting_table":4,"minecraft:iron_hoe":5,"minecraft:wooden_axe":85,"minecraft:iron_pickaxe":1,"minecraft:stone_axe":24,"warriorsofpastepoch:cistus":1,"minecraft:cobblestone":4,"minecraft:furnace":3,"minecraft:golden_pickaxe":2,"minecraft:golden_axe":29},"minecraft:crafted":{"minecraft:crafting_table":1,"minecraft:wooden_pickaxe":1,"minecraft:furnace":1,"minecraft:birch_planks":124,"minecraft:stone_axe":1,"minecraft:cooked_mutton":7,"minecraft:air":0,"totemic:tipi":1,"minecraft:charcoal":7,"minecraft:iron_hoe":1,"minecraft:stick":12,"minecraft:iron_pickaxe":1,"minecraft:iron_ingot":3,"minecraft:stone_pickaxe":1,"minecraft:wooden_axe":2},"minecraft:dropped":{"minecraft:wheat_seeds":6,"minecraft:mossy_cobblestone":2,"gnumus:gnumus_clay_brick_slap":1,"minecraft:birch_sapling":8,"minecraft:obsidian":3,"minecraft:cobblestone":6,"minecraft:rotten_flesh":1,"minecraft:rabbit_hide":1,"minecraft:gray_wool":1,"minecraft:beetroot_seeds":2,"minecraft:chest":1,"totemic:tipi":1,"minecraft:stone_pickaxe":2,"minecraft:birch_log":1},"minecraft:killed":{"zesshou_echoes_of_the_forlorn:deceased_zombie":1,"graveyard:ghoul":1,"minecraft:spider":1,"naturalist:snail":1,"minecraft:sheep":5,"minecraft:zombie":3,"minecraft:cow":4},"minecraft:mined":{"herbology:salt_block":1,"gnumus:baked_gnumus_clay_slab":1,"minecraft:white_bed":1,"warriorsofpastepoch:cistus":2,"minecraft:stripped_birch_log":1,"minecraft:crafting_table":5,"minecraft:chest":1,"minecraft:sugar_cane":9,"minecraft:composter":1,"minecraft:furnace":3,"minecraft:carrots":4,"minecraft:iron_ore":3,"minecraft:birch_log":52,"upgrade_aquatic:mulberry_vine":2,"minecraft:wheat":4,"minecraft:andesite":1,"minecraft:birch_leaves":4,"born_in_chaos_v1:river_mint":1,"minecraft:grass":46,"minecraft:potatoes":2,"minecraft:coal_ore":21,"minecraft:beetroots":2,"gnumus:gnumus_clay_brick_slap":3,"gnumus:fragile_gnumus_jug":4,"minecraft:stone":26,"minecraft:netherrack":1,"minecraft:oak_leaves":1}},"DataVersion":3465}