{"stats":{"minecraft:custom":{"minecraft:interact_with_crafting_table":73,"minecraft:open_barrel":50,"minecraft:bell_ring":3,"minecraft:leave_game":18,"minecraft:time_since_death":24469,"minecraft:damage_resisted":93,"minecraft:sprint_one_cm":784991,"minecraft:drop":149,"minecraft:talked_to_villager":7,"minecraft:play_time":399762,"minecraft:deaths":36,"minecraft:jump":8863,"minecraft:interact_with_brewingstand":5,"minecraft:walk_on_water_one_cm":129382,"minecraft:interact_with_furnace":29,"minecraft:traded_with_villager":2,"minecraft:sleep_in_bed":10,"minecraft:damage_dealt":58488,"minecraft:player_kills":3,"minecraft:crouch_one_cm":36828,"minecraft:interact_with_smoker":17,"minecraft:mob_kills":259,"minecraft:damage_dealt_resisted":3087,"minecraft:climb_one_cm":5875,"minecraft:walk_one_cm":977427,"minecraft:sneak_time":10486,"minecraft:walk_under_water_one_cm":25479,"minecraft:interact_with_blast_furnace":3,"minecraft:total_world_time":399762,"minecraft:interact_with_stonecutter":1,"minecraft:time_since_rest":23285,"minecraft:damage_taken":16129,"minecraft:damage_absorbed":160,"minecraft:swim_one_cm":108346,"minecraft:fly_one_cm":1279937,"minecraft:open_chest":346,"minecraft:fall_one_cm":234608},"minecraft:used":{"minecraft:iron_shovel":17,"herbology:hustle_berry":7,"minecraft:mutton":2,"warriorsofpastepoch:surgical_saw_cutlass":390,"minecraft:carrot":43,"minecraft:obsidian":10,"minecraft:tuff":1,"radiation_zone:radioactive_flame":3,"born_in_chaos_v1:smoked_flesh":52,"minecraft:mangrove_log":1,"minecraft:red_wool":1,"minecraft:birch_trapdoor":12,"minecraft:sweet_berries":1,"minecraft:furnace":4,"minecraft:potato":57,"adventurez:cooked_venison":4,"upgrade_aquatic:mulberry":3,"minecraft:stone_pickaxe":64,"minecraft:oak_planks":4,"minecraft:wooden_pickaxe":6,"naturalist:duck_egg":1,"minecraft:glow_berries":4,"minecraft:blast_furnace":1,"minecraft:shears":1,"upgrade_aquatic:pickerelweed":2,"minecraft:firework_rocket":2,"minecraft:bread":9,"minecraft:lectern":1,"minecraft:deepslate":8,"minecraft:gravel":25,"minecraft:grindstone":1,"minecraft:dark_oak_fence":2,"minecraft:golden_pickaxe":2,"minecraft:oak_trapdoor":4,"minecraft:bone_meal":21,"minecraft:cobweb":4,"minecraft:flint_and_steel":1,"minecraft:armor_stand":1,"minecraft:netherrack":28,"minecraft:torch":24,"minecraft:brewing_stand":1,"minecraft:dirt":19,"blue_skies:zeal_lighter":15,"minecraft:mossy_cobblestone_stairs":1,"minecraft:iron_hoe":249,"minecraft:wooden_axe":85,"minecraft:oak_stairs":41,"warriorsofpastepoch:musketeer_rapier":905,"minecraft:glowstone":15,"warriorsofpastepoch:cistus":1,"minecraft:beef":2,"minecraft:cobbled_deepslate":41,"minecraft:enchanted_golden_apple":1,"minecraft:golden_axe":29,"totemic:tipi":4,"minecraft:cooked_mutton":21,"minecraft:water_bucket":6,"minecraft:baked_potato":24,"minecraft:cartography_table":1,"minecraft:brown_mushroom":2,"minecraft:mossy_cobblestone":2,"minecraft:crafting_table":8,"born_in_chaos_v1:cultivated_pumpkin":3,"minecraft:white_bed":9,"minecraft:smoker":2,"warriorsofpastepoch:plague_doctor_armor_helmet":1,"minecraft:diamond_pickaxe":60,"minecraft:apple":13,"minecraft:map":1,"minecraft:iron_pickaxe":485,"minecraft:stone_axe":127,"aether:golden_parachute":6,"minecraft:cobblestone":54,"minecraft:bucket":6,"minecraft:yellow_bed":6,"minecraft:gray_wool":2},"minecraft:broken":{"warriorsofpastepoch:muketers_armor_helmet":1,"minecraft:stone_axe":1,"minecraft:wooden_axe":1,"minecraft:iron_hoe":1,"warriorsofpastepoch:muketers_armor_boots":1,"warriorsofpastepoch:musketeer_rapier":1,"minecraft:iron_pickaxe":2},"minecraft:picked_up":{"minecraft:iron_chestplate":1,"minecraft:wheat":8,"minecraft:flower_pot":1,"gnumus:gnumus_claw":7,"minecraft:oak_stairs":7,"minecraft:wither_rose":1,"minecraft:brewing_stand":1,"born_in_chaos_v1:black_argillite":2,"zesshou_echoes_of_the_forlorn:possesed_potion":1,"minecraft:string":87,"minecraft:soul_soil":1,"minecraft:raw_copper":5,"minecraft:smooth_stone_slab":5,"born_in_chaos_v1:dark_upgrade":2,"minecraft:diamond_leggings":1,"minecraft:smooth_stone":5,"minecraft:cobbled_deepslate":56,"warriorsofpastepoch:rat_carcass":4,"gnumus:packaged_goods":1,"arthropocolypse:beetle_fragment":22,"minecraft:enchanted_golden_apple":1,"born_in_chaos_v1:stimulating_decoction":6,"herbology:might_blossom_seed":2,"upgrade_aquatic:mulberry":6,"minecraft:mangrove_log":1,"minecraft:furnace":5,"minecraft:tipped_arrow":2,"minecraft:stick":10,"born_in_chaos_v1:shattered_skull":2,"minecraft:composter":1,"minecraft:birch_trapdoor":6,"born_in_chaos_v1:phantom_powder":1,"minecraft:torch":5,"minecraft:porkchop":2,"minecraft:pointed_dripstone":1,"minecraft:diorite":12,"herbology:hustle_berry":5,"gnumus:wrapper_with_goods":5,"gnumus:gnumus_clay_brick_slap":1,"gnumus:vintage_metal":3,"minecraft:rotten_flesh":94,"gnumus:gnumus_chickpeas":19,"zesshou_echoes_of_the_forlorn:tainted_tender_potion":1,"born_in_chaos_v1:cultivated_pumpkin":2,"minecraft:obsidian":11,"minecraft:blaze_powder":4,"minecraft:cobblestone":219,"minecraft:nautilus_shell":1,"minecraft:birch_log":50,"minecraft:magma_block":2,"gnumus:gnumus_doubloons":12,"minecraft:feather":2,"zesshou_echoes_of_the_forlorn:predominant_tooth":5,"gnumus:overripe_carrot":12,"minecraft:smoker":2,"minecraft:potato":102,"minecraft:flint":2,"minecraft:tuff":1,"herbology:vital_cactus":3,"minecraft:map":1,"warriorsofpastepoch:forgotten_steel_nugget":2,"minecraft:lapis_lazuli":51,"minecraft:stripped_birch_log":1,"minecraft:dirt":64,"gnumus:gnumus_pouch_2":4,"born_in_chaos_v1:marigolds":1,"born_in_chaos_v1:monster_skin":7,"arthropocolypse:mandible_part":1,"minecraft:bone":51,"minecraft:bow":2,"minecraft:wheat_seeds":65,"stalwart_dungeons:iron_hammer":1,"minecraft:raw_gold":7,"minecraft:grindstone":1,"minecraft:rabbit":3,"minecraft:diamond_helmet":1,"minecraft:glowstone_dust":69,"minecraft:bamboo":49,"minecraft:moss_block":1,"minecraft:oak_planks":6,"patchouli:guide_book":1,"minecraft:poisonous_potato":1,"minecraft:ink_sac":6,"naturalist:duck_egg":1,"minecraft:mossy_cobblestone":6,"warriorsofpastepoch:forgotten_steel":20,"gnumus:vintage_parts":1,"minecraft:diamond":5,"gnumus:gnumus_clay":51,"herbology:ember_leaf_seed":4,"minecraft:granite":2,"minecraft:bone_meal":1,"minecraft:emerald":32,"minecraft:bread":6,"minecraft:oak_sapling":3,"born_in_chaos_v1:rotten_fish":2,"minecraft:netherrack":98,"minecraft:dark_oak_fence":2,"minecraft:diamond_pickaxe":2,"radiation_zone:radioactive_flame":1,"minecraft:charcoal":3,"minecraft:coarse_dirt":1,"minecraft:crafting_table":7,"born_in_chaos_v1:diamond_termite_shard":5,"minecraft:chicken":1,"born_in_chaos_v1:river_mint":1,"born_in_chaos_v1:seedof_chaos":2,"minecraft:brown_mushroom":2,"minecraft:chain":3,"gravestone:obituary":17,"zesshou_echoes_of_the_forlorn:cursed_potion":1,"aether:leather_gloves":1,"warriorsofpastepoch:cistus":2,"minecraft:flint_and_steel":1,"born_in_chaos_v1:intoxicating_decoction":4,"graveyard:corruption":1,"minecraft:beef":15,"born_in_chaos_v1:gnawed_bones":5,"upgrade_aquatic:pickerelweed":20,"minecraft:light_gray_wool":1,"minecraft:lectern":1,"minecraft:sugar_cane":18,"minecraft:chest":1,"minecraft:birch_sapling":8,"minecraft:egg":1,"minecraft:raw_iron":12,"minecraft:raw_gold_block":4,"zesshou_echoes_of_the_forlorn:dread_leather":3,"gnumus:juicy_meat":2,"herbology:salt":1,"sophisticatedbackpacks:backpack":1,"totemic:tipi":4,"born_in_chaos_v1:pieceofdarkmetal":12,"minecraft:carrot":21,"minecraft:redstone":5,"herbology:vital_cactus_seed":6,"gnumus:pileof_gnumus_doubloons":1,"minecraft:arrow":26,"minecraft:diamond_chestplate":1,"minecraft:beetroot_seeds":2,"minecraft:shears":1,"minecraft:diamond_boots":1,"alexscaves:spelunkery_table":1,"warriorsofpastepoch:musketeer_rapier":2,"sophisticatedbackpacks:copper_backpack":1,"blue_skies:moonstone_shard":2,"born_in_chaos_v1:trident_hayfork":1,"gnumus:mouse_skin":12,"minecraft:mutton":11,"minecraft:white_wool":32,"born_in_chaos_v1:fused_bone":5,"born_in_chaos_v1:corpse_maggot":1,"herbology:hustle_berry_seed":1,"born_in_chaos_v1:monster_flesh":4,"minecraft:leather":21,"gnumus:gnumus_pouch":3,"minecraft:oak_log":15,"minecraft:golden_boots":1,"minecraft:yellow_bed":6,"minecraft:gunpowder":13,"minecraft:paper":16,"radiation_zone:natural_uranium":6,"minecraft:cooked_mutton":1,"minecraft:red_carpet":2,"minecraft:apple":14,"minecraft:gray_carpet":1,"gnumus:gnumus_horn":1,"minecraft:rabbit_hide":1,"minecraft:iron_ingot":26,"minecraft:stone_pickaxe":1,"minecraft:glass_bottle":2,"minecraft:book":14,"zesshou_echoes_of_the_forlorn:elderflame_potion":1,"minecraft:sweet_berries":1,"herbology:ember_leaf":6,"warriorsofpastepoch:batwing":2,"born_in_chaos_v1:ethereal_spirit":5,"minecraft:red_wool":1,"minecraft:quartz":1,"minecraft:dandelion":2,"minecraft:dripstone_block":29,"minecraft:gravel":36,"born_in_chaos_v1:dark_rod":1,"gnumus:gnumus_cheese":3,"minecraft:blast_furnace":1,"minecraft:white_bed":10,"minecraft:spider_eye":14,"born_in_chaos_v1:pile_of_skulls":1,"herbology:mighty_blossom":1,"minecraft:mossy_cobblestone_stairs":1,"minecraft:gray_wool":4,"minecraft:coal":68,"minecraft:ender_pearl":4},"minecraft:dropped":{"minecraft:oak_log":3,"gnumus:gnumus_clay_brick_slap":1,"warriorsofpastepoch:musketeer_rapier":2,"radiation_zone:radioactive_flame":1,"minecraft:dirt":45,"minecraft:chain":3,"gravestone:obituary":42,"minecraft:birch_log":1,"minecraft:white_wool":2,"minecraft:bone":26,"minecraft:cobbled_deepslate":7,"minecraft:obsidian":3,"minecraft:birch_sapling":8,"minecraft:pointed_dripstone":1,"born_in_chaos_v1:smoked_flesh":23,"minecraft:rotten_flesh":1,"minecraft:oak_planks":4,"minecraft:glowstone_dust":3,"minecraft:blaze_powder":1,"born_in_chaos_v1:dark_upgrade":1,"minecraft:rabbit_hide":1,"minecraft:tipped_arrow":2,"minecraft:gunpowder":4,"minecraft:beetroot_seeds":2,"minecraft:chest":1,"minecraft:beef":1,"warriorsofpastepoch:rat_carcass":2,"minecraft:iron_ingot":12,"minecraft:golden_boots":1,"minecraft:wheat_seeds":8,"minecraft:mossy_cobblestone":3,"minecraft:dripstone_block":18,"minecraft:cobblestone":86,"stalwart_dungeons:iron_hammer":1,"minecraft:granite":2,"minecraft:stick":2,"minecraft:gray_wool":1,"born_in_chaos_v1:black_argillite":2,"minecraft:diorite":12,"minecraft:wooden_axe":1,"minecraft:string":51,"minecraft:dandelion":1,"minecraft:redstone":2,"minecraft:coarse_dirt":1,"minecraft:smooth_stone_slab":5,"blue_skies:moonstone_shard":2,"minecraft:flint_and_steel":1,"minecraft:diamond_pickaxe":2,"minecraft:oak_sapling":1,"minecraft:spider_eye":12,"totemic:tipi":1,"sophisticatedbackpacks:copper_backpack":1,"minecraft:stone_pickaxe":2,"minecraft:wooden_pickaxe":1},"minecraft:killed":{"illagerinvasion:archivist":5,"arthropocolypse:ice_crawler":1,"born_in_chaos_v1:zombie_clown":2,"minecraft:cave_spider":1,"born_in_chaos_v1:restless_spirit":4,"born_in_chaos_v1:zombie_lumberjack":1,"zesshou_echoes_of_the_forlorn:dreadhoof":2,"born_in_chaos_v1:skeleton_demoman":1,"born_in_chaos_v1:door_knight_not_despawn":1,"minecraft:spider":17,"naturalist:robin":1,"born_in_chaos_v1:siamese_skeletonsright":3,"born_in_chaos_v1:baby_skeleton_minion":8,"born_in_chaos_v1:scarlet_persecutor":1,"naturalist:snail":1,"zesshou_echoes_of_the_forlorn:zombie_brute":2,"warriorsofpastepoch:scavenger_rat":3,"minecraft:skeleton":11,"minecraft:chicken":1,"arthropocolypse:field_cricket":3,"gnumus:pitcher_mousse":1,"illagerinvasion:provoker":5,"born_in_chaos_v1:supreme_bonescaller_stage_2":1,"born_in_chaos_v1:bonescaller":1,"minecraft:pig":1,"minecraft:zombie_villager":1,"born_in_chaos_v1:diamond_termite":4,"minecraft:iron_golem":1,"arthropocolypse:stag_beetle":1,"minecraft:sheep":8,"minecraft:zombie":31,"born_in_chaos_v1:dread_hound":11,"born_in_chaos_v1:corpse_fly":9,"minecraft:stray":2,"born_in_chaos_v1:door_knight":1,"arthropocolypse:mealworm_beetle":1,"born_in_chaos_v1:siamese_skeletonsleft":2,"minecraft:cow":4,"minecraft:vex":2,"graveyard:nightmare":1,"minecraft:vindicator":6,"illagerinvasion:marauder":4,"born_in_chaos_v1:zombie_bruiser":5,"born_in_chaos_v1:maggot":3,"gnumus:gnumus_worker":3,"zesshou_echoes_of_the_forlorn:brewer_skeleton":7,"gnumus:gnumus_hunter":3,"born_in_chaos_v1:corpse_fish":2,"zesshou_echoes_of_the_forlorn:deceased_zombie":6,"gnumus:gnumus_hunter_not_dispawn":2,"born_in_chaos_v1:fallen_chaos_knight":2,"graveyard:ghoul":2,"born_in_chaos_v1:bone_imp_minion":6,"born_in_chaos_v1:baby_skeleton":5,"born_in_chaos_v1:swarmer":1,"zesshou_echoes_of_the_forlorn:fallen_knight":1,"arthropocolypse:prairie_grasshopper":8,"warriorsofpastepoch:skeleton_musketeer":1,"minecraft:squid":3,"born_in_chaos_v1:decrepit_skeleton":9,"radiation_zone:radiation_skeleton":1,"arthropocolypse:platerodrilus":1,"zesshou_echoes_of_the_forlorn:reaper_skeleton":2,"born_in_chaos_v1:bonescaller_not_despawn":2,"born_in_chaos_v1:dark_vortex":1,"minecraft:player":3,"naturalist:sparrow":4,"minecraft:villager":3},"minecraft:crafted":{"minecraft:black_dye":6,"minecraft:oak_planks":8,"warriorsofpastepoch:muketers_armor_boots":1,"warriorsofpastepoch:muketers_armor_leggings":1,"born_in_chaos_v1:dark_charge":4,"warriorsofpastepoch:sterile_tissue":12,"warriorsofpastepoch:thickened_skin":15,"minecraft:gray_wool":12,"warriorsofpastepoch:musket":1,"minecraft:cooked_mutton":20,"warriorsofpastepoch:musket_ammo":80,"minecraft:iron_boots":1,"minecraft:chest":1,"gnumus:pileof_gnumus_doubloons":2,"radiation_zone:radioactive_flame":3,"born_in_chaos_v1:pileof_dark_metal":6,"born_in_chaos_v1:shattered_skull":4,"minecraft:deepslate":8,"minecraft:crafting_table":1,"minecraft:iron_helmet":1,"minecraft:baked_potato":24,"minecraft:wooden_pickaxe":1,"warriorsofpastepoch:plague_doctor_armor_leggings":1,"minecraft:birch_planks":128,"minecraft:diamond_pickaxe":1,"minecraft:iron_chestplate":1,"minecraft:paper":18,"minecraft:charcoal":7,"minecraft:stick":56,"born_in_chaos_v1:smoked_flesh":64,"minecraft:iron_ingot":3,"warriorsofpastepoch:plague_doctor_armor_boots":1,"minecraft:iron_pickaxe":1,"warriorsofpastepoch:plague_doctor_armor_helmet":1,"warriorsofpastepoch:surgical_saw_cutlass":1,"minecraft:shears":1,"minecraft:smooth_stone_slab":6,"warriorsofpastepoch:muketers_armor_helmet":1,"warriorsofpastepoch:plague_doctor_armor_chestplate":1,"warriorsofpastepoch:azure_fabric":16,"minecraft:furnace":1,"blue_skies:zeal_lighter":2,"minecraft:gray_dye":12,"minecraft:bone_meal":39,"warriorsofpastepoch:forgotten_steel_nugget":45,"minecraft:flint_and_steel":1,"minecraft:leather":12,"minecraft:iron_hoe":1,"minecraft:stone_pickaxe":1,"warriorsofpastepoch:forgotten_steel_ingot":16,"sophisticatedbackpacks:iron_backpack":1,"warriorsofpastepoch:muketers_armor_chestplate":1,"sophisticatedbackpacks:gold_backpack":1,"minecraft:bucket":1,"minecraft:stone_axe":2,"minecraft:glowstone":16,"minecraft:air":0,"totemic:tipi":1,"minecraft:white_wool":16,"minecraft:white_dye":19,"warriorsofpastepoch:musketeer_rapier":2,"minecraft:wooden_axe":2,"minecraft:birch_trapdoor":6,"minecraft:iron_shovel":1,"minecraft:iron_leggings":1,"minecraft:armor_stand":1,"minecraft:white_bed":1,"minecraft:torch":52,"minecraft:firework_rocket":3,"adventurez:cooked_venison":4},"minecraft:killed_by":{"born_in_chaos_v1:nightmare_stalker":1,"minecraft:creeper":1,"born_in_chaos_v1:zombie_bruiser":1,"born_in_chaos_v1:bone_imp_minion":1,"man:managgresive":2,"minecraft:cave_spider":1,"minecraft:zombie":2,"zesshou_echoes_of_the_forlorn:deceased_zombie":1,"warriorsofpastepoch:scavenger_rat":1,"zesshou_echoes_of_the_forlorn:fallen_knight":1,"zesshou_echoes_of_the_forlorn:reaper_skeleton":1,"born_in_chaos_v1:lifestealer_true_form":1,"minecraft:spider":2,"zesshou_echoes_of_the_forlorn:brewer_skeleton":3,"zesshou_echoes_of_the_forlorn:dreadhoof":2,"minecraft:iron_golem":1,"born_in_chaos_v1:bonescaller":1,"minecraft:warden":1,"minecraft:skeleton":2},"minecraft:mined":{"born_in_chaos_v1:cultivated_pumpkin":2,"minecraft:white_bed":9,"warriorsofpastepoch:cistus":3,"minecraft:sculk_vein":25,"minecraft:obsidian":8,"minecraft:brewing_stand":1,"herbology:vital_cactus":3,"minecraft:granite":7,"minecraft:grass_block":6,"minecraft:soul_soil":1,"minecraft:chiseled_stone_bricks":2,"minecraft:mud_bricks":9,"minecraft:composter":1,"minecraft:spawner":3,"born_in_chaos_v1:pile_of_skulls":1,"minecraft:smooth_stone":5,"minecraft:weeping_vines_plant":1,"minecraft:magma_block":2,"minecraft:sculk_catalyst":1,"minecraft:glowstone":28,"minecraft:mossy_cobblestone_stairs":1,"minecraft:iron_ore":10,"upgrade_aquatic:mulberry_vine":3,"minecraft:fire":5,"minecraft:cobbled_deepslate":8,"minecraft:moss_carpet":1,"minecraft:deepslate_lapis_ore":5,"minecraft:sculk_shrieker":1,"blue_skies:spider_webbing":5,"minecraft:oak_stairs":8,"upgrade_aquatic:pickerelweed":3,"minecraft:smoker":2,"minecraft:soul_fire":1,"born_in_chaos_v1:infected_deepslate_diamond_ore":3,"minecraft:torch":1,"minecraft:blast_furnace":1,"minecraft:poppy":1,"minecraft:chest":1,"radiation_zone:deepslate_natural_uranium":5,"minecraft:cobblestone":23,"herbology:ember_leaf_plant":3,"minecraft:nether_quartz_ore":1,"minecraft:oak_planks":2,"minecraft:sugar_cane":13,"minecraft:grindstone":1,"minecraft:wall_torch":1,"minecraft:cauldron":1,"minecraft:chain":2,"minecraft:blue_terracotta":4,"minecraft:birch_log":52,"minecraft:wheat":20,"minecraft:birch_trapdoor":8,"minecraft:lilac":1,"born_in_chaos_v1:river_mint":1,"minecraft:yellow_glazed_terracotta":5,"minecraft:grass":110,"minecraft:oak_log":1,"minecraft:beetroots":2,"minecraft:dirt":14,"minecraft:netherrack":106,"minecraft:oak_leaves":8,"minecraft:deepslate":42,"minecraft:yellow_terracotta":2,"minecraft:suspicious_gravel":2,"gnumus:baked_gnumus_clay_slab":1,"alexscaves:spelunkery_table":1,"minecraft:tuff":4,"minecraft:mossy_cobblestone":2,"minecraft:potted_wither_rose":1,"minecraft:deepslate_diamond_ore":5,"minecraft:stripped_birch_log":1,"minecraft:dark_oak_log":2,"gravestone:gravestone":31,"minecraft:ladder":1,"minecraft:dark_oak_fence":2,"born_in_chaos_v1:black_argillite_brick_wall":1,"born_in_chaos_v1:black_argillite":2,"totemic:tipi":1,"minecraft:spruce_leaves":9,"minecraft:moss_block":4,"born_in_chaos_v1:gnawed_bones":1,"minecraft:large_fern":4,"minecraft:packed_mud":1,"minecraft:carrots":11,"minecraft:furnace":6,"minecraft:raw_gold_block":4,"minecraft:andesite":1,"herbology:mighty_blossom_plant":1,"minecraft:bookshelf":4,"minecraft:potatoes":29,"upgrade_aquatic:tall_pickerelweed":9,"warriorsofpastepoch:depositof_forgotten_steel":20,"gnumus:fragile_gnumus_jug":14,"minecraft:bamboo":2,"minecraft:stone":167,"herbology:salt_block":1,"born_in_chaos_v1:marigolds":1,"minecraft:red_wool":1,"herbology:vital_cactus_stem":1,"minecraft:crafting_table":7,"born_in_chaos_v1:black_argillite_brick_n":1,"herbology:hustle_berry_stem":1,"minecraft:sculk_sensor":11,"minecraft:lectern":1,"minecraft:copper_ore":1,"minecraft:tall_grass":17,"minecraft:lapis_ore":1,"minecraft:deepslate_gold_ore":3,"minecraft:sculk":230,"minecraft:diorite":6,"minecraft:red_terracotta":4,"minecraft:coarse_dirt":1,"minecraft:birch_leaves":5,"minecraft:yellow_bed":6,"minecraft:coal_ore":21,"gnumus:gnumus_clay_brick_slap":3,"minecraft:gravel":50,"minecraft:dripstone_block":2,"minecraft:cobweb":13,"minecraft:gold_ore":4,"minecraft:fern":3}},"DataVersion":3465}