{"stats":{"minecraft:custom":{"minecraft:interact_with_crafting_table":183,"minecraft:open_barrel":124,"minecraft:bell_ring":34,"minecraft:leave_game":48,"minecraft:time_since_death":1725,"minecraft:damage_blocked_by_shield":305,"minecraft:play_time":1468144,"minecraft:deaths":74,"minecraft:jump":27367,"minecraft:enchant_item":1,"minecraft:interact_with_furnace":101,"minecraft:traded_with_villager":11,"minecraft:sleep_in_bed":20,"minecraft:damage_dealt":208240,"minecraft:interact_with_smoker":125,"minecraft:interact_with_smithing_table":1,"minecraft:horse_one_cm":3651188,"minecraft:interact_with_anvil":11,"minecraft:damage_dealt_absorbed":160,"minecraft:sneak_time":37118,"minecraft:interact_with_blast_furnace":38,"minecraft:total_world_time":1468144,"minecraft:interact_with_stonecutter":1,"minecraft:time_since_rest":3523,"minecraft:swim_one_cm":294483,"minecraft:fly_one_cm":6184808,"minecraft:open_chest":1607,"minecraft:fall_one_cm":662334,"minecraft:damage_resisted":93,"minecraft:sprint_one_cm":3121250,"minecraft:drop":384,"minecraft:talked_to_villager":28,"minecraft:interact_with_brewingstand":18,"minecraft:walk_on_water_one_cm":250704,"minecraft:interact_with_loom":1,"minecraft:player_kills":4,"minecraft:crouch_one_cm":112613,"minecraft:mob_kills":987,"minecraft:damage_dealt_resisted":19420,"minecraft:climb_one_cm":60193,"minecraft:walk_one_cm":3007694,"minecraft:raid_win":1,"minecraft:walk_under_water_one_cm":280164,"minecraft:boat_one_cm":1024686,"minecraft:interact_with_grindstone":3,"minecraft:damage_absorbed":291,"minecraft:damage_taken":40639,"minecraft:trigger_trapped_chest":2},"minecraft:picked_up":{"minecraft:iron_chestplate":1,"minecraft:flower_pot":3,"minecraft:smithing_table":1,"minecraft:lead":4,"minecraft:oak_stairs":7,"minecraft:wither_rose":1,"minecraft:enchanted_book":3,"cataclysm:abyss_eye":1,"minecraft:brewing_stand":1,"zesshou_echoes_of_the_forlorn:possesed_potion":2,"minecraft:string":147,"born_in_chaos_v1:mesh_door":3,"minecraft:soul_soil":4,"minecraft:explorer_pottery_sherd":2,"minecraft:pufferfish":1,"minecraft:diamond_leggings":1,"minecraft:gold_nugget":1,"minecraft:cobbled_deepslate":108,"warriorsofpastepoch:rat_carcass":4,"minecraft:enchanted_golden_apple":5,"herbology:might_blossom_seed":2,"upgrade_aquatic:mulberry":6,"minecraft:mangrove_log":3,"born_in_chaos_v1:shattered_skull":13,"minecraft:composter":1,"minecraft:sandstone_wall":1,"born_in_chaos_v1:black_argillite_brick_stairs":1,"cataclysm:music_disc_ancient_remnant":1,"aquamirae:esca":2,"stalwart_dungeons:soul_magma_bricks":1,"gnumus:wrapper_with_goods":5,"gnumus:vintage_metal":10,"minecraft:tropical_fish":1,"minecraft:iron_block":2,"zesshou_echoes_of_the_forlorn:tainted_tender_potion":2,"born_in_chaos_v1:cultivated_pumpkin":2,"minecraft:iron_bars":8,"minecraft:birch_log":53,"born_in_chaos_v1:staffof_magic_arrows":4,"warriorsofpastepoch:plague_doctor_armor_chestplate":2,"minecraft:magma_block":13,"minecraft:feather":16,"zesshou_echoes_of_the_forlorn:predominant_tooth":10,"born_in_chaos_v1:spiritual_dust":15,"minecraft:dark_oak_boat":1,"minecraft:smoker":2,"minecraft:flint":23,"warriorsofpastepoch:forgotten_steel_nugget":11,"minecraft:map":1,"aquamirae:fin":1,"cataclysm:koboleton_bone":21,"gnumus:gnumus_pouch_2":12,"born_in_chaos_v1:marigolds":10,"zesshou_echoes_of_the_forlorn:tenebrium":2,"minecraft:twisting_vines":1,"minecraft:rabbit":15,"minecraft:diamond_helmet":1,"aether:book_of_lore":1,"minecraft:glowstone_dust":75,"minecraft:moss_block":1,"patchouli:guide_book":1,"minecraft:warped_wart_block":23,"aquamirae:anglers_fang":1,"minecraft:birch_fence_gate":1,"herbology:boulder_log":1,"upgrade_aquatic:kelpy_stone_bricks":1,"minecraft:ink_sac":9,"minecraft:dark_oak_log":7,"minecraft:barrel":2,"naturalist:duck_egg":2,"man:tearoftheman":3,"herbology:boulder_leaf":2,"warriorsofpastepoch:stale_cheese_sandwich":1,"minecraft:miner_pottery_sherd":1,"minecraft:writable_book":2,"cataclysm:sandstone_falling_trap":4,"minecraft:granite":5,"zesshou_echoes_of_the_forlorn:bone_of_torment":3,"minecraft:bread":9,"minecraft:plenty_pottery_sherd":1,"born_in_chaos_v1:rotten_fish":24,"minecraft:dark_oak_fence":6,"minecraft:crimson_roots":4,"minecraft:diamond_pickaxe":4,"radiation_zone:radioactive_flame":1,"minecraft:crafting_table":13,"minecraft:coarse_dirt":2,"warriorsofpastepoch:muketers_armor_leggings":1,"minecraft:nether_wart":6,"minecraft:clay_ball":8,"born_in_chaos_v1:seedof_chaos":15,"minecraft:mourner_pottery_sherd":3,"gravestone:obituary":31,"zesshou_echoes_of_the_forlorn:cursed_potion":2,"gnumus:baked_gnumus_clay_slab":4,"aquamirae:sharp_bones":22,"minecraft:flint_and_steel":2,"minecraft:netherite_scrap":29,"born_in_chaos_v1:intoxicating_decoction":4,"minecraft:polished_blackstone_wall":1,"warriorsofpastepoch:plague_serum_black_death":1,"minecraft:beef":19,"born_in_chaos_v1:gnawed_bones":11,"minecraft:iron_nugget":17,"minecraft:poppy":1,"minecraft:spruce_slab":1,"cataclysm:necklace_of_the_desert":5,"minecraft:chest":24,"minecraft:birch_sapling":9,"minecraft:diamond_hoe":1,"minecraft:egg":1,"minecraft:sandstone":2,"minecraft:stone":38,"minecraft:raw_gold_block":4,"zesshou_echoes_of_the_forlorn:dread_leather":3,"gnumus:juicy_meat":21,"herbology:salt":1,"sophisticatedbackpacks:backpack":3,"gnumus:gnumus_clay_brick":14,"minecraft:skull_pottery_sherd":1,"born_in_chaos_v1:pieceofdarkmetal":58,"minecraft:carrot":21,"minecraft:redstone":14,"minecraft:prismarine_crystals":17,"born_in_chaos_v1:charmof_fury":1,"herbology:vital_cactus_seed":6,"minecraft:diamond_chestplate":1,"minecraft:beetroot_seeds":2,"born_in_chaos_v1:wood_splitter_axe":1,"minecraft:decorated_pot":2,"arthropocolypse:gilded_scale":14,"minecraft:diamond_boots":2,"minecraft:shears":2,"minecraft:deepslate_bricks":1,"minecraft:hay_block":4,"born_in_chaos_v1:spiny_shell":24,"minecraft:gold_ingot":72,"minecraft:totem_of_undying":1,"sophisticatedbackpacks:copper_backpack":4,"gnumus:mouse_skin":70,"blue_skies:moonstone_shard":2,"minecraft:glow_berries":12,"minecraft:mutton":17,"minecraft:white_wool":34,"alexscaves:sulfur_dust":42,"gnumus:baked_patterned_gnumus_clay":18,"born_in_chaos_v1:monster_flesh":33,"born_in_chaos_v1:pumpkin_staff":1,"minecraft:tripwire_hook":3,"warriorsofpastepoch:plague_doctor_armor_boots":1,"gnumus:gnumus_pouch":16,"warriorsofpastepoch:azure_fabric":8,"minecraft:oak_log":38,"minecraft:ancient_debris":10,"minecraft:golden_boots":1,"alexscaves:charred_remnant":1,"mowziesmobs:wrought_axe":1,"born_in_chaos_v1:dark_metal_armor_leggings":1,"minecraft:paper":22,"minecraft:white_banner":3,"born_in_chaos_v1:soul_cutlass":1,"minecraft:apple":19,"minecraft:stone_bricks":63,"minecraft:kelp":37,"warriorsofpastepoch:plague_doctor_armor_leggings":1,"minecraft:stone_pickaxe":1,"minecraft:cobweb":18,"minecraft:blade_pottery_sherd":1,"minecraft:glass_bottle":5,"minecraft:dark_oak_stairs":13,"warriorsofpastepoch:muketers_armor_helmet":1,"minecraft:dark_oak_slab":4,"aquamirae:ship_graveyard_echo":1,"minecraft:sweet_berries":5,"born_in_chaos_v1:orbofthe_summoner":1,"minecraft:red_wool":1,"born_in_chaos_v1:ethereal_spirit":46,"born_in_chaos_v1:dark_metal_armor_boots":1,"minecraft:gravel":54,"gnumus:gnumus_cheese":12,"minecraft:spruce_log":2,"warriorsofpastepoch:muketers_armor_boots":1,"minecraft:archer_pottery_sherd":2,"warriorsofpastepoch:musket_ammo":72,"warriorsofpastepoch:thickened_skin":3,"minecraft:slime_ball":4,"aether:golden_ring":2,"born_in_chaos_v1:pile_of_skulls":1,"minecraft:stone_axe":1,"herbology:mighty_blossom":1,"zesshou_echoes_of_the_forlorn:sovereign_seed":1,"minecraft:scute":1,"minecraft:gray_wool":4,"minecraft:warped_roots":6,"minecraft:baked_potato":45,"minecraft:stripped_dark_oak_log":35,"minecraft:ender_pearl":8,"minecraft:wheat":10,"illagerinvasion:platinum_chunk":2,"gnumus:gnumus_claw":38,"alexscaves:cave_tablet":3,"minecraft:stone_brick_stairs":3,"born_in_chaos_v1:bloody_gadfly_eye":5,"born_in_chaos_v1:black_argillite":2,"minecraft:raw_copper":6,"minecraft:smooth_stone_slab":8,"born_in_chaos_v1:dark_upgrade":2,"minecraft:armor_stand":3,"minecraft:experience_bottle":9,"minecraft:oak_sign":10,"minecraft:deepslate_tiles":4,"minecraft:smooth_stone":6,"minecraft:bucket":1,"gnumus:packaged_goods":7,"arthropocolypse:beetle_fragment":25,"born_in_chaos_v1:stimulating_decoction":7,"warriorsofpastepoch:musket":1,"minecraft:furnace":5,"minecraft:tipped_arrow":5,"minecraft:stick":17,"minecraft:birch_trapdoor":6,"born_in_chaos_v1:phantom_powder":2,"minecraft:torch":20,"minecraft:porkchop":2,"alexscaves:nuclear_bomb":1,"born_in_chaos_v1:nightmare_claw":6,"minecraft:pointed_dripstone":1,"minecraft:diorite":26,"aether:golden_gloves":1,"gnumus:grilled_juicy_meat":3,"herbology:hustle_berry":5,"born_in_chaos_v1:damned_demomans_hat_helmet":1,"gnumus:gnumus_clay_brick_slap":9,"minecraft:cactus":12,"minecraft:rotten_flesh":321,"born_in_chaos_v1:sea_terror_eye":2,"gnumus:gnumus_chickpeas":51,"minecraft:deepslate_brick_stairs":3,"minecraft:obsidian":19,"adventurez:orc_skin":22,"minecraft:cod":6,"minecraft:blaze_powder":15,"minecraft:cobblestone":900,"minecraft:nautilus_shell":3,"gnumus:gnumus_doubloons":63,"gnumus:overripe_carrot":38,"minecraft:potato":106,"minecraft:tuff":1,"minecraft:smooth_sandstone_stairs":18,"born_in_chaos_v1:dark_metal_armor_chestplate":1,"herbology:vital_cactus":3,"aquamirae:abyssal_amethyst":2,"minecraft:stripped_birch_log":1,"minecraft:lapis_lazuli":199,"minecraft:dirt":153,"born_in_chaos_v1:monster_skin":31,"arthropocolypse:mandible_part":1,"minecraft:bone":269,"minecraft:bow":11,"alexscaves:toxic_paste":4,"minecraft:wheat_seeds":104,"stalwart_dungeons:iron_hammer":1,"minecraft:raw_gold":7,"minecraft:grindstone":1,"minecraft:bamboo":49,"alexscaves:radrock_uranium_ore":1,"minecraft:oak_planks":6,"gnumus:baked_gnumus_clay_stairs":3,"warriorsofpastepoch:plague_doctor_armor_helmet":1,"naturalist:cattail_fluff":1,"minecraft:poisonous_potato":2,"alexscaves:uranium":44,"minecraft:polished_blackstone_slab":4,"minecraft:sand":11,"minecraft:grass_block":1,"minecraft:chiseled_sandstone":4,"minecraft:mossy_cobblestone":6,"warriorsofpastepoch:forgotten_steel":20,"born_in_chaos_v1:fire_dust":5,"gnumus:vintage_parts":2,"minecraft:diamond":32,"gnumus:gnumus_clay":163,"minecraft:polished_blackstone_button":1,"herbology:ember_leaf_seed":4,"minecraft:crossbow":1,"cataclysm:ancient_metal_nugget":12,"minecraft:bone_meal":8,"minecraft:golden_apple":13,"minecraft:emerald":47,"cataclysm:sandstone_ignite_trap":1,"minecraft:oak_sapling":5,"minecraft:netherrack":980,"born_in_chaos_v1:sea_terror_stomach":1,"minecraft:nether_star":1,"minecraft:charcoal":5,"born_in_chaos_v1:diamond_termite_shard":5,"minecraft:allium":1,"minecraft:azure_bluet":2,"minecraft:chicken":5,"born_in_chaos_v1:river_mint":1,"minecraft:brown_mushroom":2,"minecraft:gold_block":1,"warriorsofpastepoch:surgical_saw_cutlass":1,"stalwart_dungeons:soul_bricks":1,"minecraft:chain":13,"minecraft:shield":3,"aether:leather_gloves":1,"minecraft:moss_carpet":23,"warriorsofpastepoch:cistus":3,"minecraft:iron_axe":2,"minecraft:blackstone":81,"graveyard:corruption":1,"upgrade_aquatic:pickerelweed":20,"minecraft:light_gray_wool":3,"minecraft:lectern":1,"minecraft:sugar_cane":22,"minecraft:phantom_membrane":1,"minecraft:dark_oak_sapling":104,"minecraft:raw_iron":19,"born_in_chaos_v1:dark_metal_armor_helmet":1,"minecraft:copper_ingot":67,"arthropocolypse:scarab":4,"minecraft:polished_blackstone_bricks":2,"totemic:tipi":4,"warriorsofpastepoch:muketers_armor_chestplate":1,"minecraft:smooth_sandstone_slab":5,"minecraft:arrow":92,"gnumus:pileof_gnumus_doubloons":1,"minecraft:tube_coral":2,"minecraft:nether_bricks":23,"alexscaves:spelunkery_table":1,"minecraft:saddle":1,"warriorsofpastepoch:musketeer_rapier":4,"gnumus:gnumus_pouch_3":2,"born_in_chaos_v1:trident_hayfork":1,"minecraft:skeleton_skull":1,"born_in_chaos_v1:fused_bone":22,"born_in_chaos_v1:corpse_maggot":78,"minecraft:basalt":56,"herbology:hustle_berry_seed":1,"minecraft:dark_oak_button":1,"minecraft:golden_carrot":6,"minecraft:cut_sandstone":17,"minecraft:leather":50,"cataclysm:bone_reptile_helmet":1,"upgrade_aquatic:thrasher_tooth":3,"minecraft:yellow_bed":7,"minecraft:gunpowder":65,"minecraft:wooden_hoe":1,"radiation_zone:natural_uranium":6,"minecraft:cooked_mutton":1,"minecraft:smooth_sandstone":4,"minecraft:red_carpet":2,"cataclysm:infernal_forge":5,"minecraft:gray_carpet":1,"gnumus:gnumus_horn":2,"gnumus:baked_gnumus_clay":26,"minecraft:rabbit_hide":5,"minecraft:iron_ingot":95,"alexscaves:radrock":2,"born_in_chaos_v1:fel_lamp":1,"minecraft:soul_sand":5,"minecraft:acacia_sapling":1,"minecraft:book":15,"minecraft:emerald_block":62,"minecraft:pumpkin":1,"minecraft:birch_boat":3,"zesshou_echoes_of_the_forlorn:elderflame_potion":4,"herbology:ember_leaf":6,"warriorsofpastepoch:batwing":2,"born_in_chaos_v1:lifestealer_bone":6,"alexscaves:fissile_core":3,"minecraft:brush":1,"minecraft:quartz":4,"minecraft:dandelion":3,"minecraft:dripstone_block":35,"herbology:boulder_leaf_seed":1,"born_in_chaos_v1:dark_rod":5,"minecraft:amethyst_shard":4,"minecraft:blast_furnace":1,"sophisticatedbackpacks:stack_upgrade_tier_1":1,"minecraft:white_bed":10,"minecraft:spider_eye":35,"mowziesmobs:naga_fang":1,"minecraft:pumpkin_seeds":27,"minecraft:mossy_cobblestone_stairs":1,"upgrade_aquatic:predator_pottery_sherd":1,"minecraft:black_wool":1,"minecraft:coal":170},"minecraft:broken":{"aether:golden_gloves":1,"warriorsofpastepoch:muketers_armor_helmet":1,"minecraft:diamond_helmet":1,"minecraft:bow":1,"born_in_chaos_v1:damned_demomans_hat_helmet":1,"minecraft:iron_hoe":1,"minecraft:diamond_leggings":1,"warriorsofpastepoch:muketers_armor_boots":1,"minecraft:shield":1,"warriorsofpastepoch:musketeer_rapier":1,"minecraft:iron_pickaxe":2,"minecraft:diamond_boots":1,"minecraft:stone_axe":1,"minecraft:wooden_axe":1},"minecraft:used":{"minecraft:writable_book":1,"sophisticatedbackpacks:copper_backpack":2,"minecraft:chest":4,"minecraft:rotten_flesh":2,"minecraft:soul_sand":1,"herbology:hustle_berry":7,"minecraft:polished_blackstone_slab":3,"cataclysm:infernal_forge":1834,"born_in_chaos_v1:smoked_flesh":282,"minecraft:red_wool":1,"born_in_chaos_v1:mint_candy":3,"born_in_chaos_v1:spiny_shell_armor_chestplate":1,"minecraft:dark_oak_slab":33,"minecraft:stone_brick_stairs":17,"minecraft:bow":13,"minecraft:sweet_berries":6,"minecraft:furnace":12,"minecraft:potato":57,"gnumus:grilled_juicy_meat":12,"born_in_chaos_v1:spiny_shell_armor_helmet":1,"minecraft:diorite":14,"upgrade_aquatic:mulberry":3,"minecraft:cactus":1,"minecraft:blackstone":10,"undergarden:catalyst":2,"minecraft:wooden_pickaxe":6,"naturalist:duck_egg":1,"minecraft:golden_apple":7,"minecraft:glow_berries":7,"minecraft:blast_furnace":1,"minecraft:pumpkin_seeds":1,"minecraft:deepslate_brick_stairs":7,"minecraft:deepslate_tiles":4,"minecraft:gray_stained_glass_pane":1,"gnumus:gnumus_chickpeas":17,"minecraft:lectern":1,"warriorsofpastepoch:moldy_cheese":17,"minecraft:dark_oak_fence":2,"minecraft:smithing_table":1,"minecraft:gray_stained_glass":8,"gnumus:juicy_meat":7,"minecraft:oak_trapdoor":4,"minecraft:iron_bars":11,"born_in_chaos_v1:ethereal_spirit":5,"minecraft:armor_stand":9,"minecraft:polished_blackstone_wall":1,"minecraft:netherrack":688,"minecraft:torch":39,"minecraft:brewing_stand":1,"minecraft:warped_wart_block":3,"minecraft:twisting_vines":1,"minecraft:mossy_cobblestone_stairs":1,"minecraft:iron_axe":140,"minecraft:iron_block":1,"minecraft:diamond_chestplate":2,"minecraft:tripwire_hook":1,"minecraft:glowstone":15,"minecraft:beef":2,"minecraft:cobbled_deepslate":57,"minecraft:golden_axe":29,"minecraft:water_bucket":34,"minecraft:birch_planks":4,"minecraft:cartography_table":1,"minecraft:deepslate_bricks":4,"minecraft:polished_blackstone_bricks":2,"minecraft:mossy_cobblestone":2,"minecraft:crafting_table":11,"born_in_chaos_v1:skullbreaker_hammer":2,"minecraft:white_bed":9,"minecraft:campfire":6,"minecraft:cod":3,"mowziesmobs:wrought_axe":1,"minecraft:oak_log":4,"warriorsofpastepoch:plague_doctor_armor_helmet":2,"minecraft:diamond_pickaxe":914,"warriorsofpastepoch:plague_doctor_armor_chestplate":2,"alexscaves:radrock_uranium_ore":23,"minecraft:iron_pickaxe":485,"born_in_chaos_v1:staffofthe_summoner":3,"alexscaves:spelunkie":1,"minecraft:cobblestone":166,"minecraft:potion":6,"minecraft:brush":77,"alexscaves:nuclear_bomb":2,"minecraft:diamond_leggings":2,"minecraft:iron_shovel":17,"minecraft:diamond_hoe":1,"minecraft:oak_sign":38,"minecraft:shield":3,"minecraft:nether_wart":2,"warriorsofpastepoch:plague_doctor_armor_leggings":1,"minecraft:mutton":2,"warriorsofpastepoch:surgical_saw_cutlass":481,"minecraft:carrot":49,"minecraft:tuff":1,"radiation_zone:radioactive_flame":3,"minecraft:obsidian":16,"gnumus:baked_gnumus_clay":13,"minecraft:mangrove_log":1,"minecraft:crimson_roots":2,"minecraft:stone_bricks":504,"minecraft:birch_trapdoor":12,"minecraft:hay_block":1,"cataclysm:bone_reptile_chestplate":4,"cataclysm:monstrous_helm":1,"minecraft:dark_oak_stairs":45,"minecraft:diamond_boots":1,"adventurez:cooked_venison":4,"minecraft:stone_pickaxe":64,"minecraft:oak_planks":4,"warriorsofpastepoch:stale_cheese_sandwich":2,"minecraft:ender_pearl":5,"minecraft:shears":2,"born_in_chaos_v1:dark_metal_armor_boots":1,"upgrade_aquatic:pickerelweed":2,"minecraft:firework_rocket":2,"minecraft:dark_oak_log":85,"minecraft:bread":50,"minecraft:deepslate":22,"minecraft:gravel":32,"born_in_chaos_v1:rotten_fish":2,"born_in_chaos_v1:mesh_door":2,"minecraft:smooth_stone_slab":3,"minecraft:grindstone":1,"minecraft:coarse_dirt":1,"minecraft:golden_pickaxe":2,"minecraft:bone_meal":23,"minecraft:cobweb":4,"gnumus:hammer_vintage_universal_tool":19,"minecraft:flint_and_steel":20,"minecraft:dirt":66,"minecraft:spyglass":8,"minecraft:diamond_helmet":1,"minecraft:granite":3,"minecraft:iron_hoe":249,"blue_skies:zeal_lighter":17,"minecraft:wooden_axe":85,"minecraft:oak_stairs":41,"warriorsofpastepoch:musketeer_rapier":2002,"alexscaves:spelunkery_table":1,"warriorsofpastepoch:cistus":1,"minecraft:golden_carrot":10,"minecraft:soul_soil":1,"minecraft:pumpkin":1,"minecraft:enchanted_golden_apple":1,"totemic:tipi":4,"minecraft:cooked_mutton":21,"minecraft:glass_bottle":9,"minecraft:baked_potato":108,"minecraft:birch_boat":4,"minecraft:cut_sandstone":13,"minecraft:brown_mushroom":2,"minecraft:stripped_dark_oak_log":33,"warriorsofpastepoch:plague_doctor_armor_boots":2,"born_in_chaos_v1:cultivated_pumpkin":3,"minecraft:dark_oak_door":3,"minecraft:smoker":2,"warriorsofpastepoch:gunpowder_barrel":2,"minecraft:apple":40,"minecraft:map":1,"minecraft:stone_axe":127,"aether:golden_parachute":6,"born_in_chaos_v1:wood_splitter_axe":89,"minecraft:bucket":35,"minecraft:yellow_bed":7,"minecraft:polished_blackstone_button":1,"minecraft:gray_wool":2},"minecraft:crafted":{"minecraft:black_dye":7,"born_in_chaos_v1:skullbreaker_hammer":1,"gnumus:grilled_juicy_meat":4,"minecraft:oak_sign":30,"warriorsofpastepoch:muketers_armor_boots":2,"born_in_chaos_v1:dark_metal_block":1,"warriorsofpastepoch:sterile_tissue":12,"born_in_chaos_v1:dark_charge":4,"born_in_chaos_v1:spiny_shell_armor_chestplate":1,"minecraft:gray_wool":12,"minecraft:cooked_mutton":20,"minecraft:iron_bars":16,"warriorsofpastepoch:musket_ammo":168,"minecraft:deepslate_brick_stairs":8,"minecraft:glass":40,"minecraft:diamond_helmet":1,"minecraft:diamond_leggings":1,"gnumus:vintage_alloy_ingot":5,"gnumus:pileof_gnumus_doubloons":3,"alexscaves:nuclear_bomb":2,"minecraft:gray_stained_glass_pane":16,"minecraft:cooked_rabbit":9,"blue_skies:blue_journal":1,"minecraft:deepslate":12,"born_in_chaos_v1:phantom_bomb":2,"minecraft:emerald":225,"minecraft:cooked_porkchop":26,"alexscaves:uranium_rod":4,"minecraft:copper_ingot":8,"warriorsofpastepoch:plague_doctor_armor_leggings":1,"minecraft:campfire":6,"born_in_chaos_v1:armor_plate_from_dark_metal":4,"minecraft:stone_brick_stairs":16,"minecraft:iron_pickaxe":1,"born_in_chaos_v1:smoked_flesh":230,"warriorsofpastepoch:plague_doctor_armor_boots":1,"minecraft:iron_block":8,"minecraft:gold_ingot":9,"minecraft:netherite_ingot":1,"warriorsofpastepoch:surgical_saw_cutlass":1,"minecraft:golden_carrot":4,"alexscaves:uranium":18,"minecraft:smooth_stone_slab":12,"mowziesmobs:naga_fang_dagger":1,"warriorsofpastepoch:azure_fabric":16,"minecraft:bone_meal":69,"warriorsofpastepoch:stale_cheese_sandwich":2,"warriorsofpastepoch:forgotten_steel_nugget":90,"born_in_chaos_v1:spiny_shell_armor_helmet":1,"arthropocolypse:gilded_double_head_axe":1,"born_in_chaos_v1:stimulating_bomb":1,"minecraft:stone_pickaxe":1,"minecraft:diamond_boots":1,"gnumus:gnumus_helmet_helmet":1,"minecraft:dark_oak_planks":80,"born_in_chaos_v1:bottle_of_magical_energy":1,"minecraft:wheat":9,"warriorsofpastepoch:muketers_armor_chestplate":1,"upgrade_aquatic:river_planks":16,"sophisticatedbackpacks:gold_backpack":1,"minecraft:glowstone":16,"minecraft:enchanted_book":5,"totemic:tipi":1,"born_in_chaos_v1:elixir_of_vampirism":1,"minecraft:wooden_axe":2,"minecraft:birch_trapdoor":6,"minecraft:iron_shovel":1,"minecraft:iron_leggings":1,"minecraft:armor_stand":6,"minecraft:white_bed":1,"adventurez:cooked_venison":4,"minecraft:oak_planks":112,"warriorsofpastepoch:muketers_armor_leggings":2,"minecraft:cooked_chicken":2,"warriorsofpastepoch:thickened_skin":15,"minecraft:stone":288,"cataclysm:bone_reptile_helmet":1,"warriorsofpastepoch:musket":1,"born_in_chaos_v1:dark_metal_ingot":44,"warriorsofpastepoch:gunpowder_barrel":2,"minecraft:dark_oak_door":3,"minecraft:iron_boots":1,"minecraft:chest":3,"minecraft:netherite_upgrade_smithing_template":6,"alexscaves:block_of_uranium":4,"minecraft:ender_eye":1,"minecraft:stone_bricks":456,"radiation_zone:radioactive_flame":3,"born_in_chaos_v1:pileof_dark_metal":29,"born_in_chaos_v1:shattered_skull":4,"minecraft:crafting_table":3,"minecraft:wooden_pickaxe":1,"minecraft:iron_helmet":1,"minecraft:baked_potato":91,"minecraft:brush":1,"cataclysm:ancient_metal_ingot":9,"warriorsofpastepoch:ammo_bag":1,"minecraft:birch_planks":132,"born_in_chaos_v1:intoxicatind_bomb":1,"gnumus:hammer_vintage_universal_tool":1,"born_in_chaos_v1:staffofthe_summoner":1,"minecraft:dark_oak_slab":30,"minecraft:iron_chestplate":1,"minecraft:paper":18,"minecraft:diamond_pickaxe":1,"minecraft:charcoal":7,"minecraft:emerald_block":14,"minecraft:stick":133,"minecraft:iron_ingot":12,"warriorsofpastepoch:plague_doctor_armor_helmet":1,"minecraft:deepslate_bricks":16,"minecraft:shears":1,"cataclysm:bone_reptile_chestplate":2,"warriorsofpastepoch:muketers_armor_helmet":1,"warriorsofpastepoch:plague_doctor_armor_chestplate":1,"minecraft:furnace":9,"blue_skies:zeal_lighter":3,"minecraft:gray_dye":14,"alexscaves:cave_map":1,"minecraft:glass_pane":16,"minecraft:flint_and_steel":1,"born_in_chaos_v1:bone_handle":3,"minecraft:leather":12,"minecraft:polished_deepslate":16,"minecraft:iron_axe":1,"minecraft:iron_hoe":1,"undergarden:catalyst":1,"warriorsofpastepoch:forgotten_steel_ingot":21,"minecraft:netherite_scrap":10,"sophisticatedbackpacks:iron_backpack":1,"minecraft:cooked_beef":4,"minecraft:sugar":1,"minecraft:cooked_cod":3,"minecraft:dark_oak_stairs":32,"minecraft:bucket":1,"minecraft:stone_axe":2,"minecraft:bread":3,"minecraft:air":0,"minecraft:oak_boat":1,"minecraft:white_wool":16,"adventurez:handbook":1,"minecraft:white_dye":20,"warriorsofpastepoch:musketeer_rapier":3,"minecraft:torch":52,"minecraft:diamond_chestplate":1,"minecraft:firework_rocket":3},"minecraft:dropped":{"minecraft:cooked_beef":4,"minecraft:glass_bottle":5,"minecraft:diamond":4,"minecraft:crafting_table":4,"minecraft:cooked_porkchop":26,"minecraft:warped_roots":2,"born_in_chaos_v1:monster_flesh":1,"minecraft:dirt":51,"minecraft:chain":5,"minecraft:gold_nugget":1,"minecraft:bone_meal":2,"minecraft:sand":5,"minecraft:polished_blackstone_slab":3,"minecraft:white_wool":2,"minecraft:bone":64,"minecraft:cooked_chicken":2,"minecraft:cobbled_deepslate":30,"minecraft:birch_sapling":8,"minecraft:obsidian":5,"minecraft:rotten_flesh":33,"born_in_chaos_v1:smoked_flesh":23,"minecraft:oak_planks":4,"warriorsofpastepoch:musket_ammo":10,"minecraft:glowstone_dust":4,"minecraft:blaze_powder":1,"born_in_chaos_v1:dark_metal_armor_boots":1,"minecraft:azure_bluet":2,"warriorsofpastepoch:azure_fabric":6,"minecraft:tipped_arrow":2,"minecraft:charcoal":2,"minecraft:acacia_sapling":1,"gnumus:gnumus_pouch":5,"minecraft:spruce_slab":1,"born_in_chaos_v1:dark_metal_armor_helmet":1,"minecraft:beef":1,"cataclysm:infernal_forge":5,"born_in_chaos_v1:marigolds":6,"minecraft:enchanted_book":1,"minecraft:golden_boots":1,"minecraft:iron_ingot":12,"minecraft:wheat_seeds":17,"minecraft:dripstone_block":18,"minecraft:feather":4,"minecraft:cobblestone":86,"warriorsofpastepoch:moldy_cheese":1,"minecraft:granite":2,"born_in_chaos_v1:elixir_of_vampirism":1,"minecraft:golden_apple":1,"minecraft:gray_wool":1,"born_in_chaos_v1:black_argillite":2,"minecraft:wooden_axe":1,"gnumus:gnumus_pouch_3":1,"minecraft:potion":2,"minecraft:smooth_sandstone_slab":5,"minecraft:paper":6,"minecraft:string":68,"minecraft:moss_carpet":23,"minecraft:smooth_stone_slab":5,"warriorsofpastepoch:anti_plague_serum":1,"minecraft:clay_ball":8,"sophisticatedbackpacks:backpack":1,"born_in_chaos_v1:armor_plate_from_dark_metal":4,"minecraft:shears":1,"cataclysm:necklace_of_the_desert":4,"minecraft:potato":1,"minecraft:stone":2,"minecraft:flower_pot":1,"minecraft:allium":1,"minecraft:diamond_pickaxe":4,"minecraft:spider_eye":12,"born_in_chaos_v1:dark_metal_armor_leggings":1,"minecraft:sandstone":2,"minecraft:bow":2,"sophisticatedbackpacks:copper_backpack":1,"cataclysm:sandstone_falling_trap":2,"minecraft:cooked_rabbit":9,"minecraft:oak_log":3,"minecraft:baked_potato":35,"minecraft:nether_star":1,"gnumus:gnumus_clay_brick_slap":9,"gnumus:gnumus_clay_brick":14,"minecraft:leather":1,"warriorsofpastepoch:musketeer_rapier":3,"minecraft:flint":20,"radiation_zone:radioactive_flame":1,"minecraft:brush":1,"born_in_chaos_v1:dark_metal_armor_chestplate":1,"minecraft:cooked_cod":3,"gravestone:obituary":90,"alexscaves:cave_map":1,"minecraft:tube_coral":1,"minecraft:birch_log":3,"minecraft:gravel":7,"minecraft:blackstone":39,"born_in_chaos_v1:fire_dust":2,"zesshou_echoes_of_the_forlorn:elderflame_potion":1,"minecraft:smooth_sandstone_stairs":18,"minecraft:pointed_dripstone":1,"born_in_chaos_v1:ethereal_spirit":6,"arthropocolypse:gilded_scale":7,"born_in_chaos_v1:dark_upgrade":1,"minecraft:sandstone_wall":1,"minecraft:rabbit_hide":1,"minecraft:gunpowder":15,"minecraft:beetroot_seeds":2,"born_in_chaos_v1:corpse_maggot":2,"minecraft:chest":1,"aether:golden_ring":1,"minecraft:iron_bars":1,"warriorsofpastepoch:rat_carcass":2,"minecraft:netherrack":161,"born_in_chaos_v1:dark_rod":1,"alexscaves:nuclear_bomb":1,"warriorsofpastepoch:musket":1,"minecraft:mossy_cobblestone":3,"minecraft:poisonous_potato":3,"stalwart_dungeons:iron_hammer":1,"warriorsofpastepoch:stale_cheese_sandwich":1,"minecraft:stick":9,"arthropocolypse:scarab":4,"minecraft:milk_bucket":1,"minecraft:diorite":12,"warriorsofpastepoch:plague_serum_black_death":1,"born_in_chaos_v1:fused_bone":8,"gnumus:baked_gnumus_clay_stairs":3,"gnumus:baked_patterned_gnumus_clay":9,"born_in_chaos_v1:lifestealer_bone":1,"cataclysm:music_disc_ancient_remnant":1,"minecraft:iron_axe":1,"minecraft:tripwire_hook":1,"minecraft:chiseled_sandstone":1,"minecraft:dandelion":1,"minecraft:redstone":5,"minecraft:kelp":29,"minecraft:sweet_berries":2,"minecraft:coarse_dirt":1,"minecraft:raw_copper":1,"minecraft:light_gray_wool":1,"gnumus:baked_gnumus_clay":13,"born_in_chaos_v1:spiritual_dust":2,"naturalist:cattail_fluff":1,"blue_skies:moonstone_shard":2,"minecraft:flint_and_steel":1,"minecraft:filled_map":1,"aether:book_of_lore":1,"minecraft:shield":1,"warriorsofpastepoch:plague_doctor_armor_chestplate":1,"man:tearoftheman":2,"gnumus:gnumus_pouch_2":2,"minecraft:oak_sapling":2,"minecraft:diamond_boots":1,"minecraft:slime_ball":1,"totemic:tipi":1,"gnumus:gnumus_cheese":1,"minecraft:stone_pickaxe":2,"minecraft:wooden_pickaxe":1},"minecraft:killed":{"arthropocolypse:ice_crawler":1,"upgrade_aquatic:great_thrasher":1,"illagerinvasion:archivist":6,"naturalist:rattlesnake":1,"minecraft:cave_spider":9,"born_in_chaos_v1:mr_pumpkin":3,"born_in_chaos_v1:restless_spirit":14,"born_in_chaos_v1:zombie_lumberjack":8,"born_in_chaos_v1:skeleton_demoman":6,"born_in_chaos_v1:door_knight_not_despawn":1,"born_in_chaos_v1:sir_the_headless":1,"naturalist:robin":1,"born_in_chaos_v1:siamese_skeletonsright":9,"born_in_chaos_v1:baby_skeleton_minion":32,"warriorsofpastepoch:scavenger_rat":3,"minecraft:skeleton":37,"minecraft:chicken":3,"born_in_chaos_v1:skeleton_thrasher":4,"born_in_chaos_v1:supreme_bonescaller_stage_2":2,"cataclysm:kobolediator":2,"arthropocolypse:stag_beetle_larva":2,"cataclysm:wadjet":1,"alexscaves:gammaroach":2,"zesshou_echoes_of_the_forlorn:tormentor":3,"gnumus:big_snout":1,"minecraft:iron_golem":2,"born_in_chaos_v1:dread_hound_not_despawn":4,"minecraft:pillager":5,"minecraft:zombie":90,"born_in_chaos_v1:corpse_fly":44,"born_in_chaos_v1:door_knight":2,"arthropocolypse:behemoth_desert_scorpion":5,"takesapillage:archer":1,"minecraft:cow":4,"mowziesmobs:naga":4,"alexscaves:brainiac":1,"graveyard:nightmare":1,"minecraft:vindicator":7,"illagerinvasion:marauder":6,"born_in_chaos_v1:skeleton_thrasher_not_despawn":3,"born_in_chaos_v1:thornshell_crab":2,"naturalist:tortoise":1,"born_in_chaos_v1:firelight":2,"born_in_chaos_v1:pumpkinhead":1,"gnumus:gnumus_hunter":12,"naturalist:giraffe":1,"adventurez:orc":9,"cataclysm:koboleton":20,"zesshou_echoes_of_the_forlorn:deceased_zombie":28,"born_in_chaos_v1:barrel_zombie":4,"gnumus:gnumus_hunter_not_dispawn":5,"born_in_chaos_v1:spiritof_chaos":2,"born_in_chaos_v1:spirit_guide":3,"minecraft:husk":6,"graveyard:ghoul":4,"born_in_chaos_v1:bone_imp_minion":14,"naturalist:bear":2,"upgrade_aquatic:thrasher":2,"born_in_chaos_v1:decrepit_skeleton":27,"gnumus:gnumus_merchant":1,"raided:savager":1,"born_in_chaos_v1:bloody_gadfly":6,"arthropocolypse:platerodrilus":1,"zesshou_echoes_of_the_forlorn:reaper_skeleton":2,"born_in_chaos_v1:dark_vortex":2,"born_in_chaos_v1:controlled_baby_skeleton":1,"minecraft:enderman":1,"born_in_chaos_v1:lifestealer_true_form":1,"born_in_chaos_v1:zombie_clown":4,"minecraft:witch":1,"zesshou_echoes_of_the_forlorn:dreadhoof":3,"minecraft:spider":78,"born_in_chaos_v1:scarlet_persecutor":11,"zesshou_echoes_of_the_forlorn:zombie_brute":11,"naturalist:snail":1,"gnumus:pitcher_mousse":10,"arthropocolypse:field_cricket":3,"illagerinvasion:provoker":7,"born_in_chaos_v1:firelight_not_despawn":8,"minecraft:piglin":1,"born_in_chaos_v1:bonescaller":5,"minecraft:pig":1,"gnumus:gnumus_shaman":1,"born_in_chaos_v1:diamond_termite":4,"minecraft:zombie_villager":10,"born_in_chaos_v1:glutton_fish":1,"illagerinvasion:alchemist":1,"minecraft:creeper":9,"arthropocolypse:stag_beetle":1,"minecraft:sheep":12,"born_in_chaos_v1:zombie_fisherman":1,"born_in_chaos_v1:dread_hound":39,"minecraft:stray":19,"minecraft:ghast":1,"raided:inquisitor":1,"arthropocolypse:mealworm_beetle":1,"mowziesmobs:umvuthana_raptor":1,"born_in_chaos_v1:siamese_skeletonsleft":7,"minecraft:blaze":2,"raided:electromancer":1,"minecraft:vex":7,"born_in_chaos_v1:missioner":1,"adventurez:nightmare":1,"graveyard:revenant":1,"born_in_chaos_v1:zombie_bruiser":8,"alexscaves:nucleeper":4,"born_in_chaos_v1:maggot":38,"minecraft:phantom":1,"gnumus:gnumus_worker":5,"zesshou_echoes_of_the_forlorn:brewer_skeleton":28,"naturalist:bass":1,"minecraft:drowned":10,"born_in_chaos_v1:corpse_fish":9,"zesshou_echoes_of_the_forlorn:crying_skeleton":5,"born_in_chaos_v1:fallen_chaos_knight":2,"born_in_chaos_v1:baby_skeleton":20,"arthropocolypse:scarab":3,"born_in_chaos_v1:swarmer":3,"born_in_chaos_v1:spirit_guide_assistant":4,"naturalist:butterfly":1,"zesshou_echoes_of_the_forlorn:fallen_knight":2,"arthropocolypse:prairie_grasshopper":9,"mowziesmobs:umvuthana_follower_raptor":3,"warriorsofpastepoch:skeleton_musketeer":6,"minecraft:squid":4,"radiation_zone:radiation_skeleton":1,"born_in_chaos_v1:phantom_creeper_copy":1,"naturalist:finch":1,"born_in_chaos_v1:decaying_zombie":1,"aquamirae:anglerfish":1,"born_in_chaos_v1:bonescaller_not_despawn":9,"born_in_chaos_v1:nightmare_stalker":5,"minecraft:wither_skeleton":2,"minecraft:player":4,"naturalist:sparrow":4,"minecraft:villager":3},"minecraft:mined":{"born_in_chaos_v1:cultivated_pumpkin":2,"minecraft:white_bed":9,"minecraft:obsidian":16,"minecraft:granite":7,"born_in_chaos_v1:dark_metal_deposit":16,"minecraft:deepslate_bricks":1,"minecraft:oak_wall_sign":6,"minecraft:nether_wart":2,"gnumus:baked_patterned_gnumus_clay":9,"minecraft:chiseled_stone_bricks":2,"minecraft:spawner":6,"minecraft:weeping_vines_plant":1,"minecraft:polished_blackstone_bricks":2,"minecraft:tall_seagrass":1,"minecraft:magma_block":2,"minecraft:mossy_cobblestone_stairs":1,"minecraft:cobbled_deepslate":8,"upgrade_aquatic:mulberry_vine":3,"minecraft:fire":32,"minecraft:moss_carpet":2,"minecraft:deepslate_lapis_ore":5,"minecraft:sculk_shrieker":1,"minecraft:oak_sign":1,"alexscaves:nuclear_bomb":1,"blue_skies:spider_webbing":5,"minecraft:oak_stairs":8,"minecraft:deepslate_brick_stairs":3,"minecraft:smooth_sandstone_stairs":1,"born_in_chaos_v1:black_argillite_n":1,"minecraft:iron_block":1,"minecraft:tripwire":1,"minecraft:kelp_plant":12,"minecraft:crimson_nylium":6,"minecraft:smoker":2,"minecraft:soul_fire":7,"born_in_chaos_v1:infected_deepslate_diamond_ore":3,"minecraft:torch":1,"minecraft:blast_furnace":1,"minecraft:dead_bush":4,"radiation_zone:deepslate_natural_uranium":5,"herbology:ember_leaf_plant":3,"alexscaves:sulfur_bud_small":2,"herbology:boulder_leaf_plant":1,"minecraft:sugar_cane":14,"gnumus:gnumus_clay_brick":14,"minecraft:skeleton_skull":1,"minecraft:chain":9,"gnumus:gnumus_clay_block":3,"minecraft:wheat":20,"minecraft:lilac":1,"born_in_chaos_v1:c_black_argillite_brick_n":1,"minecraft:stone_brick_stairs":3,"minecraft:yellow_glazed_terracotta":5,"minecraft:grass":232,"minecraft:sandstone_wall":1,"upgrade_aquatic:beachgrass":2,"minecraft:deepslate":56,"naturalist:cattail":1,"minecraft:suspicious_gravel":2,"minecraft:yellow_terracotta":2,"minecraft:mossy_cobblestone":4,"alexscaves:radrock":2,"minecraft:stripped_birch_log":1,"minecraft:dark_oak_log":5,"minecraft:birch_fence_gate":1,"minecraft:nether_bricks":23,"minecraft:dark_oak_fence":6,"born_in_chaos_v1:black_argillite_brick_wall":1,"born_in_chaos_v1:black_argillite":3,"minecraft:crimson_roots":7,"born_in_chaos_v1:puddleofintoxication":1,"totemic:tipi":1,"alexscaves:sulfur_bud_medium":1,"minecraft:moss_block":5,"minecraft:kelp":4,"born_in_chaos_v1:gnawed_bones":1,"upgrade_aquatic:kelpy_stone_bricks":2,"minecraft:packed_mud":1,"gnumus:baked_gnumus_clay":31,"minecraft:andesite":1,"herbology:mighty_blossom_plant":1,"minecraft:potatoes":29,"warriorsofpastepoch:depositof_forgotten_steel":20,"gnumus:fragile_gnumus_jug":31,"minecraft:bamboo":2,"minecraft:smithing_table":1,"minecraft:soul_sand":5,"minecraft:dandelion":1,"minecraft:warped_roots":2,"herbology:hustle_berry_stem":1,"minecraft:copper_ore":3,"minecraft:tall_grass":58,"minecraft:deepslate_gold_ore":3,"minecraft:diorite":6,"minecraft:warped_wart_block":25,"minecraft:red_terracotta":4,"minecraft:coarse_dirt":2,"naturalist:duckweed":1,"minecraft:birch_leaves":9,"minecraft:gravel":59,"minecraft:dripstone_block":2,"minecraft:cobweb":16,"minecraft:stone_bricks":61,"minecraft:gold_ore":4,"minecraft:fern":4,"herbology:boulder_leaf_stem":1,"warriorsofpastepoch:cistus":3,"minecraft:sculk_vein":25,"minecraft:brewing_stand":1,"herbology:vital_cactus":3,"minecraft:grass_block":17,"alexscaves:sulfur":3,"minecraft:soul_soil":1,"minecraft:mud_bricks":9,"minecraft:composter":1,"born_in_chaos_v1:pile_of_skulls":1,"minecraft:smooth_stone":6,"minecraft:glowstone":28,"minecraft:sculk_catalyst":1,"minecraft:iron_ore":10,"born_in_chaos_v1:black_argillite_brick_stairs":12,"minecraft:azure_bluet":2,"minecraft:dark_oak_stairs":13,"minecraft:iron_bars":6,"alexscaves:underweed":2,"upgrade_aquatic:pickerelweed":3,"warriorsofpastepoch:gunpowder_barrel":2,"alexscaves:sulfur_bud_large":4,"minecraft:polished_blackstone_wall":1,"minecraft:blackstone":51,"minecraft:twisting_vines_plant":1,"upgrade_aquatic:tall_beachgrass":1,"minecraft:clay":1,"minecraft:poppy":1,"minecraft:chest":21,"minecraft:nether_quartz_ore":3,"minecraft:cobblestone":59,"minecraft:grindstone":1,"minecraft:oak_planks":2,"minecraft:wall_torch":1,"minecraft:cauldron":1,"minecraft:seagrass":2,"minecraft:warped_nylium":1,"minecraft:blue_terracotta":4,"minecraft:dark_oak_slab":3,"minecraft:birch_log":52,"minecraft:birch_trapdoor":8,"born_in_chaos_v1:river_mint":1,"minecraft:orange_tulip":1,"minecraft:smooth_stone_slab":3,"minecraft:oak_log":2,"minecraft:beetroots":2,"gnumus:baked_gnumus_clay_stairs":3,"minecraft:sand":11,"minecraft:dirt":18,"minecraft:tripwire_hook":2,"minecraft:netherrack":604,"minecraft:ancient_debris":10,"minecraft:oak_leaves":46,"gnumus:baked_gnumus_clay_slab":5,"alexscaves:spelunkery_table":1,"minecraft:tuff":4,"minecraft:potted_wither_rose":1,"minecraft:deepslate_diamond_ore":5,"minecraft:gray_stained_glass_pane":1,"minecraft:ladder":1,"gravestone:gravestone":64,"alexscaves:sulfur_cluster":6,"minecraft:decorated_pot":2,"minecraft:spruce_leaves":16,"minecraft:sandstone":2,"minecraft:large_fern":4,"minecraft:hay_block":3,"alexscaves:radrock_uranium_ore":23,"gnumus:scion_weed":5,"minecraft:furnace":6,"minecraft:carrots":11,"minecraft:raw_gold_block":4,"minecraft:chiseled_sandstone":1,"minecraft:peony":1,"minecraft:gold_block":1,"minecraft:bookshelf":4,"upgrade_aquatic:tall_pickerelweed":9,"minecraft:stone":202,"born_in_chaos_v1:mesh_door":2,"herbology:salt_block":3,"born_in_chaos_v1:marigolds":1,"minecraft:red_wool":1,"herbology:vital_cactus_stem":1,"minecraft:stripped_dark_oak_log":35,"minecraft:basalt":58,"minecraft:crafting_table":9,"alexscaves:radrock_bricks":2,"born_in_chaos_v1:black_argillite_brick_n":3,"minecraft:rose_bush":1,"minecraft:sculk_sensor":12,"minecraft:lectern":1,"born_in_chaos_v1:chipped_black_argillite_brick":4,"minecraft:lapis_ore":1,"minecraft:lily_pad":1,"minecraft:sculk":230,"minecraft:cactus":9,"minecraft:polished_blackstone_slab":4,"minecraft:ice":1,"minecraft:yellow_bed":6,"minecraft:coal_ore":21,"gnumus:gnumus_clay_brick_slap":7},"minecraft:killed_by":{"born_in_chaos_v1:nightmare_stalker":1,"minecraft:zombie":2,"warriorsofpastepoch:scavenger_rat":1,"alexscaves:brainiac":4,"zesshou_echoes_of_the_forlorn:reaper_skeleton":1,"born_in_chaos_v1:lifestealer_true_form":2,"born_in_chaos_v1:restless_spirit":1,"zesshou_echoes_of_the_forlorn:crying_skeleton":1,"born_in_chaos_v1:bonescaller":1,"minecraft:warden":1,"minecraft:wither_skeleton":1,"minecraft:creeper":1,"born_in_chaos_v1:glutton_fish":1,"born_in_chaos_v1:zombie_bruiser":1,"born_in_chaos_v1:bone_imp_minion":1,"man:managgresive":3,"minecraft:cave_spider":1,"zesshou_echoes_of_the_forlorn:deceased_zombie":2,"zesshou_echoes_of_the_forlorn:fallen_knight":1,"minecraft:player":2,"minecraft:spider":2,"born_in_chaos_v1:skeleton_thrasher":1,"zesshou_echoes_of_the_forlorn:brewer_skeleton":7,"zesshou_echoes_of_the_forlorn:dreadhoof":4,"minecraft:iron_golem":1,"alexscaves:gammaroach":1,"minecraft:skeleton":2}},"DataVersion":3465}