{"stats":{"minecraft:custom":{"minecraft:mob_kills":39,"minecraft:interact_with_crafting_table":33,"minecraft:leave_game":5,"minecraft:time_since_death":8424,"minecraft:climb_one_cm":443,"minecraft:sprint_one_cm":156204,"minecraft:walk_one_cm":186649,"minecraft:drop":42,"minecraft:play_time":82123,"minecraft:deaths":6,"minecraft:sneak_time":1409,"minecraft:walk_under_water_one_cm":818,"minecraft:jump":1511,"minecraft:interact_with_blast_furnace":2,"minecraft:walk_on_water_one_cm":8724,"minecraft:total_world_time":82123,"minecraft:interact_with_furnace":22,"minecraft:sleep_in_bed":1,"minecraft:time_since_rest":8464,"minecraft:damage_taken":3216,"minecraft:damage_dealt":9343,"minecraft:player_kills":1,"minecraft:swim_one_cm":7757,"minecraft:fly_one_cm":217907,"minecraft:open_chest":4,"minecraft:crouch_one_cm":3743,"minecraft:interact_with_smoker":4,"minecraft:fall_one_cm":49282},"minecraft:picked_up":{"minecraft:charcoal":3,"minecraft:crafting_table":7,"minecraft:coarse_dirt":1,"born_in_chaos_v1:river_mint":1,"minecraft:chain":1,"minecraft:string":2,"warriorsofpastepoch:cistus":2,"minecraft:cobbled_deepslate":6,"minecraft:beef":9,"arthropocolypse:beetle_fragment":6,"born_in_chaos_v1:gnawed_bones":1,"minecraft:light_gray_wool":1,"upgrade_aquatic:mulberry":4,"minecraft:sugar_cane":16,"minecraft:chest":1,"minecraft:birch_sapling":8,"minecraft:furnace":3,"minecraft:stick":7,"minecraft:raw_iron":4,"minecraft:composter":1,"herbology:salt":1,"born_in_chaos_v1:phantom_powder":1,"minecraft:diorite":12,"minecraft:pointed_dripstone":1,"totemic:tipi":4,"born_in_chaos_v1:pieceofdarkmetal":4,"minecraft:carrot":4,"gnumus:gnumus_clay_brick_slap":1,"gnumus:pileof_gnumus_doubloons":1,"minecraft:rotten_flesh":24,"minecraft:beetroot_seeds":2,"gnumus:gnumus_chickpeas":3,"zesshou_echoes_of_the_forlorn:tainted_tender_potion":1,"minecraft:obsidian":3,"minecraft:mutton":9,"minecraft:white_wool":10,"minecraft:cobblestone":86,"minecraft:birch_log":50,"gnumus:gnumus_doubloons":1,"zesshou_echoes_of_the_forlorn:predominant_tooth":2,"minecraft:leather":18,"minecraft:smoker":1,"minecraft:potato":1,"minecraft:oak_log":6,"minecraft:golden_boots":1,"minecraft:gunpowder":2,"minecraft:lapis_lazuli":21,"minecraft:stripped_birch_log":1,"minecraft:dirt":26,"radiation_zone:natural_uranium":1,"born_in_chaos_v1:monster_skin":1,"born_in_chaos_v1:marigolds":1,"minecraft:cooked_mutton":1,"minecraft:bone":4,"minecraft:apple":1,"minecraft:bow":1,"minecraft:wheat_seeds":16,"minecraft:rabbit_hide":1,"minecraft:stone_pickaxe":1,"minecraft:oak_planks":2,"born_in_chaos_v1:ethereal_spirit":1,"minecraft:dripstone_block":18,"minecraft:white_bed":3,"minecraft:mossy_cobblestone":2,"warriorsofpastepoch:forgotten_steel":20,"minecraft:diamond":1,"minecraft:gray_wool":1,"minecraft:coal":60},"minecraft:broken":{"minecraft:stone_axe":1,"minecraft:wooden_axe":1},"minecraft:used":{"minecraft:iron_hoe":5,"minecraft:wooden_axe":85,"warriorsofpastepoch:musketeer_rapier":106,"warriorsofpastepoch:cistus":1,"minecraft:furnace":4,"minecraft:golden_axe":29,"totemic:tipi":3,"minecraft:cooked_mutton":17,"minecraft:stone_pickaxe":64,"minecraft:wooden_pickaxe":6,"minecraft:crafting_table":4,"minecraft:iron_pickaxe":125,"minecraft:stone_axe":72,"minecraft:cobblestone":22,"minecraft:golden_pickaxe":2},"minecraft:crafted":{"minecraft:oak_planks":4,"warriorsofpastepoch:muketers_armor_boots":1,"warriorsofpastepoch:azure_fabric":4,"minecraft:furnace":1,"warriorsofpastepoch:thickened_skin":6,"warriorsofpastepoch:forgotten_steel_nugget":18,"warriorsofpastepoch:musket":1,"minecraft:cooked_mutton":20,"warriorsofpastepoch:musket_ammo":4,"minecraft:leather":2,"minecraft:iron_hoe":1,"minecraft:stone_pickaxe":1,"minecraft:chest":1,"warriorsofpastepoch:forgotten_steel_ingot":16,"minecraft:crafting_table":1,"warriorsofpastepoch:muketers_armor_chestplate":1,"minecraft:wooden_pickaxe":1,"minecraft:birch_planks":124,"minecraft:stone_axe":2,"minecraft:air":0,"totemic:tipi":1,"minecraft:paper":3,"minecraft:charcoal":7,"minecraft:stick":16,"minecraft:iron_pickaxe":1,"minecraft:iron_ingot":3,"warriorsofpastepoch:musketeer_rapier":1,"minecraft:wooden_axe":2},"minecraft:dropped":{"minecraft:golden_boots":1,"minecraft:wheat_seeds":6,"minecraft:oak_log":3,"minecraft:mossy_cobblestone":2,"gnumus:gnumus_clay_brick_slap":1,"minecraft:dripstone_block":18,"minecraft:cobblestone":6,"minecraft:stick":2,"minecraft:dirt":26,"minecraft:gray_wool":1,"minecraft:diorite":12,"minecraft:wooden_axe":1,"minecraft:chain":1,"gravestone:obituary":5,"minecraft:birch_log":1,"minecraft:bone":4,"minecraft:coarse_dirt":1,"minecraft:cobbled_deepslate":6,"minecraft:birch_sapling":8,"minecraft:obsidian":3,"minecraft:pointed_dripstone":1,"minecraft:rotten_flesh":1,"minecraft:oak_planks":2,"minecraft:rabbit_hide":1,"minecraft:beetroot_seeds":2,"minecraft:chest":1,"totemic:tipi":1,"minecraft:wooden_pickaxe":1,"minecraft:stone_pickaxe":2},"minecraft:killed":{"arthropocolypse:ice_crawler":1,"born_in_chaos_v1:restless_spirit":2,"minecraft:spider":1,"born_in_chaos_v1:zombie_bruiser":3,"naturalist:snail":1,"minecraft:skeleton":1,"zesshou_echoes_of_the_forlorn:brewer_skeleton":1,"gnumus:gnumus_hunter":2,"zesshou_echoes_of_the_forlorn:deceased_zombie":1,"graveyard:ghoul":1,"zesshou_echoes_of_the_forlorn:fallen_knight":1,"arthropocolypse:prairie_grasshopper":3,"minecraft:sheep":7,"minecraft:zombie":7,"zesshou_echoes_of_the_forlorn:reaper_skeleton":2,"arthropocolypse:mealworm_beetle":1,"minecraft:player":1,"minecraft:cow":4},"minecraft:mined":{"minecraft:yellow_terracotta":2,"gnumus:baked_gnumus_clay_slab":1,"minecraft:white_bed":1,"warriorsofpastepoch:cistus":2,"minecraft:deepslate_diamond_ore":1,"minecraft:stripped_birch_log":1,"minecraft:ladder":1,"gravestone:gravestone":6,"minecraft:grass_block":1,"totemic:tipi":1,"minecraft:spruce_leaves":9,"minecraft:mud_bricks":9,"minecraft:composter":1,"minecraft:moss_block":1,"minecraft:large_fern":1,"minecraft:packed_mud":1,"minecraft:furnace":4,"minecraft:carrots":4,"minecraft:iron_ore":4,"upgrade_aquatic:mulberry_vine":2,"minecraft:andesite":1,"minecraft:moss_carpet":1,"minecraft:potatoes":2,"warriorsofpastepoch:depositof_forgotten_steel":20,"gnumus:fragile_gnumus_jug":4,"minecraft:stone":73,"herbology:salt_block":1,"born_in_chaos_v1:marigolds":1,"minecraft:smoker":1,"minecraft:crafting_table":7,"minecraft:poppy":1,"minecraft:chest":1,"minecraft:cobblestone":7,"minecraft:tall_grass":8,"minecraft:sugar_cane":13,"minecraft:diorite":6,"minecraft:red_terracotta":4,"minecraft:coarse_dirt":1,"minecraft:blue_terracotta":4,"minecraft:birch_log":52,"minecraft:wheat":4,"minecraft:birch_leaves":4,"born_in_chaos_v1:river_mint":1,"minecraft:yellow_glazed_terracotta":5,"minecraft:grass":53,"minecraft:coal_ore":21,"minecraft:beetroots":2,"gnumus:gnumus_clay_brick_slap":3,"minecraft:gravel":8,"minecraft:dirt":5,"minecraft:netherrack":1,"minecraft:oak_leaves":1,"minecraft:fern":2,"minecraft:suspicious_gravel":2},"minecraft:killed_by":{"born_in_chaos_v1:zombie_bruiser":1,"man:managgresive":1,"minecraft:zombie":1,"zesshou_echoes_of_the_forlorn:fallen_knight":1,"zesshou_echoes_of_the_forlorn:reaper_skeleton":1}},"DataVersion":3465}