{"stats":{"minecraft:picked_up":{"minecraft:stick":2,"minecraft:crafting_table":1,"minecraft:leather":6,"minecraft:wooden_pickaxe":1,"minecraft:oak_log":12,"minecraft:mossy_cobblestone":1,"minecraft:dirt":1,"minecraft:arrow":1,"minecraft:beef":6,"minecraft:mutton":14,"minecraft:white_wool":11,"minecraft:cobblestone":13,"minecraft:furnace":2},"minecraft:custom":{"minecraft:time_since_rest":7268,"minecraft:interact_with_furnace":4,"minecraft:sprint_one_cm":23235,"minecraft:damage_taken":50,"minecraft:walk_one_cm":22880,"minecraft:mob_kills":15,"minecraft:drop":1,"minecraft:damage_dealt":1305,"minecraft:interact_with_crafting_table":3,"minecraft:fly_one_cm":53007,"minecraft:open_chest":2,"minecraft:crouch_one_cm":231,"minecraft:play_time":7268,"minecraft:sneak_time":34,"minecraft:walk_under_water_one_cm":66,"minecraft:jump":213,"minecraft:walk_on_water_one_cm":380,"minecraft:time_since_death":7268,"minecraft:total_world_time":7268,"minecraft:fall_one_cm":6703},"minecraft:used":{"minecraft:wooden_axe":17,"minecraft:apple":1,"minecraft:stone_pickaxe":12,"minecraft:wooden_pickaxe":3,"minecraft:stone_axe":9,"minecraft:crafting_table":2,"minecraft:furnace":1},"minecraft:crafted":{"minecraft:oak_planks":24,"minecraft:charcoal":1,"minecraft:crafting_table":2,"minecraft:stick":8,"minecraft:wooden_pickaxe":1,"minecraft:stone_pickaxe":1,"minecraft:wooden_axe":1,"minecraft:stone_axe":1,"minecraft:air":0},"minecraft:dropped":{"minecraft:wooden_pickaxe":1},"minecraft:killed":{"minecraft:sheep":11,"minecraft:cow":4},"minecraft:mined":{"minecraft:furnace":1,"minecraft:mossy_cobblestone":1,"minecraft:crafting_table":1,"minecraft:grass":2,"minecraft:oak_log":12,"minecraft:dirt_path":1,"minecraft:stone":13}},"DataVersion":3465}