{"stats":{"minecraft:custom":{"minecraft:mob_kills":44,"minecraft:interact_with_crafting_table":28,"minecraft:leave_game":1,"minecraft:time_since_death":12990,"minecraft:climb_one_cm":429,"minecraft:sprint_one_cm":225943,"minecraft:walk_one_cm":350635,"minecraft:damage_blocked_by_shield":1695,"minecraft:drop":75,"minecraft:damage_dealt_absorbed":80,"minecraft:play_time":112054,"minecraft:deaths":4,"minecraft:sneak_time":1437,"minecraft:walk_under_water_one_cm":367,"minecraft:jump":1825,"minecraft:interact_with_blast_furnace":16,"minecraft:walk_on_water_one_cm":7577,"minecraft:total_world_time":112054,"minecraft:interact_with_furnace":21,"minecraft:sleep_in_bed":7,"minecraft:time_since_rest":3961,"minecraft:damage_taken":2505,"minecraft:damage_dealt":8900,"minecraft:fly_one_cm":294434,"minecraft:open_chest":22,"minecraft:crouch_one_cm":3642,"minecraft:interact_with_smoker":8,"minecraft:fall_one_cm":48605},"minecraft:picked_up":{"minecraft:coarse_dirt":1,"minecraft:crafting_table":7,"minecraft:clay_ball":4,"minecraft:brown_mushroom":1,"gnumus:gnumus_claw":2,"minecraft:wooden_pickaxe":1,"minecraft:oak_stairs":163,"minecraft:chain":1,"zesshou_echoes_of_the_forlorn:possesed_potion":1,"minecraft:oak_trapdoor":4,"minecraft:raw_copper":2,"minecraft:moss_carpet":1,"graveyard:corruption":1,"minecraft:cracked_stone_bricks":2,"minecraft:cartography_table":1,"minecraft:cobbled_deepslate":19,"minecraft:smooth_stone":5,"warriorsofpastepoch:rat_carcass":3,"minecraft:beef":6,"born_in_chaos_v1:gnawed_bones":1,"minecraft:poppy":4,"minecraft:chest":2,"minecraft:furnace":5,"minecraft:stick":2,"minecraft:raw_iron":86,"minecraft:oak_door":4,"minecraft:torch":9,"minecraft:pointed_dripstone":2,"totemic:tipi":1,"minecraft:redstone":3,"minecraft:rotten_flesh":5,"minecraft:arrow":7,"minecraft:yellow_terracotta":2,"sophisticatedbackpacks:copper_backpack":1,"minecraft:gold_ingot":6,"zesshou_echoes_of_the_forlorn:tainted_tender_potion":1,"minecraft:mutton":14,"minecraft:cobblestone":343,"minecraft:blaze_powder":3,"minecraft:white_wool":11,"minecraft:birch_log":1,"born_in_chaos_v1:corpse_maggot":2,"gnumus:gnumus_doubloons":3,"minecraft:mud_bricks":23,"minecraft:andesite":1,"minecraft:leather":6,"minecraft:smoker":1,"gnumus:gnumus_pouch":2,"minecraft:packed_mud":1,"minecraft:oak_log":92,"minecraft:yellow_glazed_terracotta":4,"minecraft:golden_boots":1,"minecraft:yellow_bed":2,"minecraft:gunpowder":3,"minecraft:cobblestone_stairs":5,"minecraft:lapis_lazuli":21,"minecraft:dirt":6,"radiation_zone:natural_uranium":1,"born_in_chaos_v1:monster_skin":1,"arthropocolypse:ice_crawler_meat":2,"minecraft:bone":7,"minecraft:wheat_seeds":6,"adventurez:raw_venison":4,"minecraft:raw_gold":6,"minecraft:grindstone":1,"minecraft:iron_ingot":9,"minecraft:glass_bottle":1,"minecraft:oak_planks":82,"born_in_chaos_v1:ethereal_spirit":1,"minecraft:dandelion":1,"minecraft:gravel":6,"born_in_chaos_v1:dark_rod":2,"minecraft:blast_furnace":3,"minecraft:white_bed":5,"minecraft:mossy_stone_brick_slab":1,"minecraft:red_terracotta":5,"minecraft:mossy_cobblestone":15,"minecraft:blue_terracotta":5,"born_in_chaos_v1:fire_dust":1,"minecraft:diamond":5,"minecraft:stone_axe":2,"minecraft:granite":2,"minecraft:bricks":6,"minecraft:coal":126},"minecraft:broken":{"minecraft:iron_axe":1,"minecraft:stone_axe":1,"minecraft:iron_pickaxe":2},"minecraft:used":{"stalwart_dungeons:iron_hammer":66,"minecraft:chest":5,"minecraft:shield":38,"minecraft:torch":39,"zesshou_echoes_of_the_forlorn:possesed_potion":1,"minecraft:granite":2,"minecraft:wooden_axe":17,"minecraft:iron_axe":342,"minecraft:oak_stairs":1,"born_in_chaos_v1:gnawed_bones":1,"minecraft:mud_bricks":2,"minecraft:furnace":5,"minecraft:cooked_beef":15,"minecraft:cobbled_deepslate":14,"minecraft:water_bucket":21,"minecraft:stone_pickaxe":61,"minecraft:wooden_pickaxe":3,"minecraft:mossy_cobblestone":14,"minecraft:crafting_table":11,"minecraft:blast_furnace":3,"minecraft:white_bed":8,"zesshou_echoes_of_the_forlorn:tainted_tender_potion":1,"minecraft:smoker":1,"minecraft:oak_log":1,"minecraft:apple":5,"minecraft:bread":1,"minecraft:iron_pickaxe":501,"minecraft:stone_axe":75,"minecraft:cobblestone":262,"minecraft:bucket":22,"minecraft:yellow_bed":2,"warriorsofpastepoch:rat_carcass":1},"minecraft:crafted":{"minecraft:oak_planks":32,"minecraft:smooth_stone":1,"minecraft:birch_boat":1,"minecraft:furnace":2,"minecraft:blast_furnace":1,"minecraft:stone":6,"minecraft:iron_boots":1,"minecraft:iron_axe":2,"minecraft:stone_pickaxe":1,"minecraft:chest":4,"stalwart_dungeons:iron_hammer":1,"warriorsofpastepoch:forgotten_steel_ingot":4,"minecraft:smoker":1,"minecraft:cooked_beef":15,"minecraft:crafting_table":4,"minecraft:wooden_pickaxe":1,"minecraft:iron_helmet":1,"minecraft:bucket":1,"minecraft:stone_axe":1,"minecraft:air":0,"minecraft:iron_chestplate":1,"minecraft:charcoal":1,"minecraft:shield":1,"minecraft:stick":32,"minecraft:iron_ingot":86,"minecraft:iron_pickaxe":2,"minecraft:wooden_axe":1,"minecraft:iron_leggings":1,"minecraft:white_bed":2,"minecraft:torch":60},"minecraft:dropped":{"minecraft:golden_boots":1,"minecraft:brown_mushroom":1,"minecraft:wheat_seeds":12,"minecraft:lapis_lazuli":21,"minecraft:golden_pickaxe":1,"minecraft:mossy_cobblestone":1,"minecraft:glass_bottle":3,"minecraft:golden_axe":1,"minecraft:yellow_terracotta":2,"minecraft:leather":12,"minecraft:cracked_stone_bricks":2,"minecraft:stick":2,"minecraft:packed_mud":1,"minecraft:dirt":4,"gnumus:gnumus_claw":2,"minecraft:wooden_axe":1,"minecraft:yellow_glazed_terracotta":4,"minecraft:chain":1,"gravestone:obituary":4,"minecraft:smooth_stone":2,"minecraft:white_wool":5,"minecraft:dandelion":1,"minecraft:gravel":6,"minecraft:blue_terracotta":5,"minecraft:bricks":6,"minecraft:stone_axe":2,"minecraft:moss_carpet":1,"minecraft:coarse_dirt":1,"minecraft:raw_copper":2,"minecraft:pointed_dripstone":2,"minecraft:rotten_flesh":5,"minecraft:clay_ball":4,"minecraft:mossy_stone_brick_slab":1,"minecraft:golden_shovel":1,"minecraft:white_bed":1,"minecraft:red_terracotta":5,"minecraft:poppy":4,"minecraft:mud_bricks":21,"minecraft:andesite":1,"born_in_chaos_v1:corpse_maggot":2,"minecraft:oak_sapling":18,"minecraft:chest":1,"totemic:tipi":1,"radiation_zone:natural_uranium":1,"minecraft:stone_pickaxe":1,"minecraft:wooden_pickaxe":1,"warriorsofpastepoch:rat_carcass":2},"minecraft:killed":{"arthropocolypse:ice_crawler":1,"born_in_chaos_v1:restless_spirit":1,"born_in_chaos_v1:skeleton_demoman":1,"born_in_chaos_v1:zombie_bruiser":1,"minecraft:skeleton":5,"gnumus:pitcher_mousse":1,"zesshou_echoes_of_the_forlorn:brewer_skeleton":3,"born_in_chaos_v1:firelight_not_despawn":1,"zesshou_echoes_of_the_forlorn:deceased_zombie":1,"graveyard:ghoul":1,"minecraft:iron_golem":2,"minecraft:sheep":11,"adventurez:deer":2,"minecraft:zombie":3,"born_in_chaos_v1:dread_hound":3,"born_in_chaos_v1:corpse_fly":2,"born_in_chaos_v1:dark_vortex":1,"minecraft:cow":4},"minecraft:mined":{"minecraft:white_bed":4,"minecraft:mossy_cobblestone":15,"minecraft:oak_door":3,"minecraft:deepslate_diamond_ore":5,"minecraft:mossy_stone_brick_slab":1,"minecraft:cobblestone_stairs":5,"gravestone:gravestone":4,"minecraft:granite":2,"minecraft:grass_block":3,"minecraft:mud_bricks":20,"minecraft:cartography_table":1,"minecraft:oak_trapdoor":4,"minecraft:packed_mud":1,"minecraft:furnace":4,"minecraft:iron_ore":73,"minecraft:fire":1,"minecraft:andesite":1,"minecraft:deepslate_iron_ore":13,"minecraft:dirt_path":1,"minecraft:oak_stairs":164,"gnumus:fragile_gnumus_jug":2,"minecraft:stone":198,"minecraft:glass_pane":8,"minecraft:smoker":1,"minecraft:clay":1,"minecraft:crafting_table":7,"minecraft:blast_furnace":3,"minecraft:chest":2,"radiation_zone:deepslate_natural_uranium":1,"minecraft:cobblestone":119,"minecraft:oak_planks":82,"minecraft:lapis_ore":3,"minecraft:deepslate_gold_ore":4,"minecraft:grindstone":1,"minecraft:bricks":7,"minecraft:wall_torch":1,"minecraft:red_terracotta":5,"minecraft:coarse_dirt":1,"minecraft:blue_terracotta":2,"minecraft:yellow_bed":2,"minecraft:grass":14,"minecraft:oak_log":93,"minecraft:coal_ore":77,"minecraft:cracked_stone_bricks":2,"minecraft:gold_ore":2,"minecraft:deepslate":20,"minecraft:fern":1},"minecraft:killed_by":{"minecraft:player":3,"zesshou_echoes_of_the_forlorn:tormentor":1}},"DataVersion":3465}