{"stats":{"minecraft:mined":{"herbology:hustle_berry_fruit":18,"minecraft:white_bed":5,"minecraft:mossy_stone_brick_slab":1,"minecraft:sculk_vein":1,"minecraft:cobblestone_stairs":6,"minecraft:brewing_stand":1,"minecraft:obsidian":3,"herbology:vital_cactus":1,"minecraft:granite":2,"born_in_chaos_v1:dark_metal_deposit":7,"minecraft:grass_block":3,"minecraft:jungle_log":224,"minecraft:mud_bricks":20,"minecraft:composter":3,"minecraft:spawner":9,"minecraft:raw_iron_block":1,"minecraft:iron_ore":81,"minecraft:cobbled_deepslate":5,"minecraft:fire":3,"born_in_chaos_v1:black_argillite_brick_stairs":1,"minecraft:fletching_table":1,"minecraft:deepslate_lapis_ore":11,"minecraft:brown_bed":2,"minecraft:sculk_shrieker":1,"minecraft:dirt_path":1,"minecraft:oak_stairs":164,"minecraft:iron_block":2,"minecraft:tripwire":1,"minecraft:smoker":1,"minecraft:clay":1,"minecraft:torch":3,"minecraft:blast_furnace":4,"minecraft:chest":3,"radiation_zone:deepslate_natural_uranium":7,"minecraft:mushroom_stem":2,"minecraft:smooth_quartz_slab":1,"minecraft:cobblestone":174,"minecraft:grindstone":2,"minecraft:oak_planks":82,"minecraft:bricks":7,"minecraft:wall_torch":1,"minecraft:blue_terracotta":2,"minecraft:birch_trapdoor":1,"minecraft:stone_brick_stairs":1,"minecraft:grass":26,"minecraft:oak_log":115,"minecraft:oak_leaves":2,"minecraft:deepslate":109,"alexscaves:spelunkery_table":1,"minecraft:tuff":1,"minecraft:mossy_cobblestone":24,"minecraft:deepslate_diamond_ore":18,"minecraft:oak_door":3,"minecraft:dark_oak_fence":2,"gravestone:gravestone":10,"minecraft:cobbled_deepslate_slab":1,"minecraft:cartography_table":1,"minecraft:hay_block":15,"minecraft:oak_trapdoor":4,"minecraft:furnace":4,"minecraft:packed_mud":1,"minecraft:andesite":2,"herbology:mighty_blossom_plant":5,"minecraft:peony":1,"minecraft:gold_block":2,"minecraft:bell":1,"minecraft:bookshelf":5,"minecraft:deepslate_iron_ore":25,"minecraft:vine":5,"warriorsofpastepoch:depositof_forgotten_steel":10,"gnumus:fragile_gnumus_jug":2,"minecraft:bamboo":1,"minecraft:stone":363,"minecraft:oak_slab":1,"minecraft:glass_pane":8,"minecraft:oak_fence":1,"minecraft:crafting_table":8,"herbology:hustle_berry_stem":9,"minecraft:lectern":1,"minecraft:tall_grass":3,"born_in_chaos_v1:chipped_black_argillite_brick":1,"minecraft:lapis_ore":5,"minecraft:deepslate_gold_ore":4,"minecraft:red_terracotta":5,"minecraft:coarse_dirt":1,"minecraft:yellow_bed":3,"minecraft:coal_ore":92,"minecraft:cracked_stone_bricks":2,"minecraft:gold_ore":2,"minecraft:fern":4},"minecraft:broken":{"minecraft:iron_boots":1,"minecraft:iron_chestplate":1,"minecraft:iron_leggings":1,"minecraft:stone_axe":1,"minecraft:iron_axe":2,"minecraft:iron_pickaxe":2,"minecraft:iron_helmet":1},"minecraft:custom":{"minecraft:interact_with_crafting_table":42,"minecraft:open_barrel":35,"minecraft:leave_game":3,"minecraft:time_since_death":36125,"minecraft:sprint_one_cm":703613,"minecraft:damage_blocked_by_shield":4135,"minecraft:drop":142,"minecraft:talked_to_villager":8,"minecraft:play_time":258051,"minecraft:deaths":10,"minecraft:jump":4541,"minecraft:interact_with_brewingstand":1,"minecraft:walk_on_water_one_cm":22313,"minecraft:enchant_item":2,"minecraft:interact_with_furnace":41,"minecraft:sleep_in_bed":11,"minecraft:damage_dealt":28059,"minecraft:crouch_one_cm":35046,"minecraft:interact_with_smoker":14,"minecraft:inspect_dispenser":1,"minecraft:mob_kills":126,"minecraft:damage_dealt_resisted":1541,"minecraft:climb_one_cm":5583,"minecraft:walk_one_cm":786441,"minecraft:damage_dealt_absorbed":80,"minecraft:sneak_time":10408,"minecraft:walk_under_water_one_cm":7892,"minecraft:interact_with_blast_furnace":23,"minecraft:total_world_time":258051,"minecraft:time_since_rest":1914,"minecraft:damage_taken":8277,"minecraft:swim_one_cm":34509,"minecraft:fly_one_cm":771914,"minecraft:open_chest":116,"minecraft:fall_one_cm":142601},"minecraft:killed":{"arthropocolypse:ice_crawler":1,"minecraft:cave_spider":1,"graveyard:skeleton_creeper":2,"born_in_chaos_v1:restless_spirit":1,"born_in_chaos_v1:zombie_lumberjack":1,"born_in_chaos_v1:skeleton_demoman":1,"minecraft:spider":11,"born_in_chaos_v1:siamese_skeletonsright":1,"born_in_chaos_v1:baby_skeleton_minion":1,"born_in_chaos_v1:scarlet_persecutor":2,"minecraft:skeleton":13,"gnumus:pitcher_mousse":1,"born_in_chaos_v1:firelight_not_despawn":4,"born_in_chaos_v1:bonescaller":1,"gnumus:big_snout":3,"minecraft:iron_golem":2,"minecraft:sheep":11,"minecraft:zombie":12,"born_in_chaos_v1:dread_hound":3,"born_in_chaos_v1:corpse_fly":5,"minecraft:stray":11,"born_in_chaos_v1:siamese_skeletonsleft":1,"minecraft:cow":4,"born_in_chaos_v1:skeleton_thrasher_not_despawn":1,"born_in_chaos_v1:zombie_bruiser":1,"zesshou_echoes_of_the_forlorn:brewer_skeleton":6,"gnumus:gnumus_hunter":2,"zesshou_echoes_of_the_forlorn:crying_skeleton":3,"zesshou_echoes_of_the_forlorn:deceased_zombie":3,"graveyard:ghoul":1,"born_in_chaos_v1:bone_imp_minion":3,"born_in_chaos_v1:baby_skeleton":1,"born_in_chaos_v1:decrepit_skeleton":1,"adventurez:deer":2,"zesshou_echoes_of_the_forlorn:reaper_skeleton":1,"born_in_chaos_v1:bonescaller_not_despawn":1,"born_in_chaos_v1:dark_vortex":2,"born_in_chaos_v1:nightmare_stalker":1,"minecraft:villager":2},"minecraft:killed_by":{"minecraft:player":3,"minecraft:stray":1,"zesshou_echoes_of_the_forlorn:dreadhoof":1,"zesshou_echoes_of_the_forlorn:crying_skeleton":1,"zesshou_echoes_of_the_forlorn:tormentor":1},"minecraft:used":{"stalwart_dungeons:iron_hammer":144,"minecraft:smooth_quartz_slab":1,"minecraft:poppy":2,"minecraft:chest":10,"minecraft:shield":87,"minecraft:bell":1,"herbology:hustle_berry_seed":2,"herbology:hustle_berry":35,"zesshou_echoes_of_the_forlorn:possesed_potion":1,"born_in_chaos_v1:gnawed_bones":1,"minecraft:birch_trapdoor":3,"minecraft:furnace":7,"minecraft:egg":1,"minecraft:stone_pickaxe":61,"minecraft:ender_pearl":3,"minecraft:wooden_pickaxe":3,"herbology:vital_cactus":1,"minecraft:blast_furnace":5,"sophisticatedbackpacks:backpack":1,"minecraft:bread":33,"minecraft:lectern":1,"minecraft:grindstone":1,"minecraft:bone_meal":198,"minecraft:enchanting_table":1,"minecraft:torch":87,"minecraft:brewing_stand":1,"minecraft:granite":2,"minecraft:wooden_axe":17,"minecraft:iron_axe":648,"minecraft:oak_stairs":1,"minecraft:mud_bricks":2,"minecraft:cooked_beef":18,"minecraft:cobbled_deepslate":107,"minecraft:brown_bed":1,"born_in_chaos_v1:trident_hayfork":202,"minecraft:water_bucket":39,"minecraft:baked_potato":3,"minecraft:fletching_table":2,"minecraft:mossy_cobblestone":15,"minecraft:crafting_table":13,"minecraft:white_bed":9,"zesshou_echoes_of_the_forlorn:tainted_tender_potion":1,"minecraft:smoker":2,"minecraft:oak_log":1,"minecraft:diamond_pickaxe":439,"minecraft:apple":5,"minecraft:iron_pickaxe":501,"minecraft:stone_axe":75,"minecraft:cobblestone":508,"minecraft:bucket":40,"minecraft:yellow_bed":3,"warriorsofpastepoch:rat_carcass":1},"minecraft:dropped":{"minecraft:brown_mushroom":1,"minecraft:lapis_lazuli":21,"minecraft:golden_pickaxe":1,"minecraft:glass_bottle":3,"minecraft:orange_tulip":2,"minecraft:leather":12,"minecraft:cracked_stone_bricks":2,"minecraft:leather_helmet":1,"minecraft:cobblestone_stairs":1,"minecraft:dirt":12,"minecraft:packed_mud":1,"gnumus:gnumus_claw":6,"minecraft:dark_oak_fence":4,"minecraft:chain":1,"minecraft:jungle_sapling":8,"gravestone:obituary":12,"minecraft:white_wool":5,"minecraft:gravel":6,"minecraft:stone_axe":2,"minecraft:pointed_dripstone":6,"minecraft:rotten_flesh":6,"minecraft:oak_planks":2,"minecraft:enchanted_golden_apple":2,"herbology:hustle_berry":1,"minecraft:mossy_stone_brick_slab":1,"minecraft:golden_shovel":1,"minecraft:white_bed":1,"minecraft:poppy":4,"herbology:might_blossom_seed":1,"born_in_chaos_v1:corpse_maggot":3,"minecraft:chest":1,"radiation_zone:natural_uranium":1,"warriorsofpastepoch:rat_carcass":2,"minecraft:stone_brick_stairs":1,"minecraft:iron_ingot":12,"minecraft:golden_boots":1,"minecraft:oak_slab":1,"minecraft:wheat_seeds":16,"herbology:vital_cactus_seed":1,"minecraft:mossy_cobblestone":4,"minecraft:cobblestone":1,"minecraft:golden_axe":1,"minecraft:yellow_terracotta":2,"stalwart_dungeons:iron_hammer":1,"minecraft:apple":9,"minecraft:granite":1,"minecraft:stick":2,"minecraft:wooden_axe":1,"minecraft:yellow_glazed_terracotta":4,"zesshou_echoes_of_the_forlorn:predominant_tooth":1,"herbology:mighty_blossom":1,"minecraft:smooth_stone":2,"minecraft:string":1,"minecraft:dandelion":1,"minecraft:redstone":1,"minecraft:blue_terracotta":5,"minecraft:bricks":6,"minecraft:moss_carpet":3,"born_in_chaos_v1:black_argillite_brick_stairs":1,"minecraft:coarse_dirt":1,"minecraft:cocoa_beans":1,"minecraft:raw_copper":2,"minecraft:tuff":1,"born_in_chaos_v1:black_argillite_button":2,"minecraft:clay_ball":4,"minecraft:red_terracotta":5,"minecraft:mud_bricks":21,"minecraft:andesite":2,"minecraft:oak_sapling":26,"minecraft:spider_eye":4,"minecraft:bamboo":2,"minecraft:spruce_log":1,"totemic:tipi":1,"minecraft:stone_pickaxe":1,"minecraft:wooden_pickaxe":1},"minecraft:picked_up":{"gnumus:gnumus_claw":6,"minecraft:brown_bed":2,"minecraft:oak_stairs":163,"minecraft:stone_brick_stairs":1,"minecraft:brewing_stand":1,"zesshou_echoes_of_the_forlorn:possesed_potion":2,"minecraft:string":19,"minecraft:raw_copper":2,"minecraft:cobbled_deepslate":112,"minecraft:smooth_stone":5,"warriorsofpastepoch:rat_carcass":3,"minecraft:enchanted_golden_apple":1,"herbology:might_blossom_seed":8,"minecraft:furnace":5,"minecraft:tipped_arrow":6,"minecraft:stick":29,"born_in_chaos_v1:shattered_skull":1,"minecraft:composter":3,"minecraft:birch_trapdoor":3,"minecraft:oak_fence":1,"minecraft:torch":12,"minecraft:pointed_dripstone":6,"born_in_chaos_v1:nightmare_claw":1,"born_in_chaos_v1:black_argillite_brick_stairs":1,"herbology:hustle_berry":37,"minecraft:rotten_flesh":7,"minecraft:iron_block":2,"zesshou_echoes_of_the_forlorn:tainted_tender_potion":1,"minecraft:obsidian":3,"minecraft:blaze_powder":3,"minecraft:cobblestone":563,"minecraft:birch_log":1,"born_in_chaos_v1:staffof_magic_arrows":1,"gnumus:gnumus_doubloons":3,"born_in_chaos_v1:spiritual_dust":8,"minecraft:andesite":2,"minecraft:jungle_log":217,"minecraft:smoker":1,"minecraft:tuff":1,"herbology:vital_cactus":1,"born_in_chaos_v1:black_argillite_button":2,"minecraft:lapis_lazuli":100,"minecraft:dirt":14,"gnumus:gnumus_pouch_2":2,"born_in_chaos_v1:monster_skin":4,"minecraft:bone":70,"stalwart_dungeons:iron_hammer":1,"minecraft:bow":1,"minecraft:raw_gold":6,"minecraft:orange_tulip":1,"minecraft:wheat_seeds":10,"adventurez:raw_venison":4,"minecraft:bell":1,"minecraft:grindstone":2,"minecraft:fletching_table":1,"minecraft:bamboo":66,"minecraft:oak_planks":82,"minecraft:red_terracotta":5,"minecraft:mossy_cobblestone":24,"warriorsofpastepoch:forgotten_steel":10,"minecraft:blue_terracotta":5,"born_in_chaos_v1:fire_dust":4,"minecraft:diamond":18,"minecraft:granite":3,"minecraft:dark_oak_fence":4,"minecraft:oak_sapling":8,"minecraft:bricks":6,"minecraft:cocoa_beans":1,"minecraft:coarse_dirt":1,"minecraft:crafting_table":8,"minecraft:clay_ball":4,"born_in_chaos_v1:seedof_chaos":4,"minecraft:brown_mushroom":1,"minecraft:wooden_pickaxe":1,"minecraft:gold_block":2,"gravestone:obituary":4,"minecraft:chain":1,"minecraft:oak_trapdoor":4,"minecraft:moss_carpet":3,"graveyard:corruption":1,"minecraft:cracked_stone_bricks":2,"minecraft:cartography_table":1,"minecraft:beef":6,"born_in_chaos_v1:gnawed_bones":1,"minecraft:jungle_sapling":20,"minecraft:poppy":6,"minecraft:lectern":1,"minecraft:chest":3,"minecraft:raw_iron":106,"minecraft:oak_door":4,"gnumus:juicy_meat":14,"sophisticatedbackpacks:backpack":1,"totemic:tipi":1,"born_in_chaos_v1:pieceofdarkmetal":10,"minecraft:redstone":4,"herbology:vital_cactus_seed":1,"minecraft:arrow":20,"minecraft:hay_block":15,"alexscaves:spelunkery_table":1,"minecraft:yellow_terracotta":2,"minecraft:gold_ingot":6,"sophisticatedbackpacks:copper_backpack":3,"minecraft:mutton":14,"minecraft:white_wool":11,"born_in_chaos_v1:fused_bone":2,"born_in_chaos_v1:corpse_maggot":3,"herbology:hustle_berry_seed":36,"minecraft:mud_bricks":23,"minecraft:leather":6,"gnumus:gnumus_pouch":2,"minecraft:packed_mud":1,"minecraft:oak_log":114,"minecraft:yellow_glazed_terracotta":4,"minecraft:golden_boots":1,"minecraft:yellow_bed":3,"minecraft:gunpowder":12,"minecraft:cobblestone_stairs":6,"radiation_zone:natural_uranium":7,"arthropocolypse:ice_crawler_meat":2,"minecraft:red_carpet":4,"minecraft:apple":1,"minecraft:iron_ingot":25,"minecraft:glass_bottle":1,"minecraft:book":15,"minecraft:oak_slab":1,"born_in_chaos_v1:death_totem":1,"zesshou_echoes_of_the_forlorn:elderflame_potion":1,"born_in_chaos_v1:orbofthe_summoner":1,"born_in_chaos_v1:ethereal_spirit":5,"minecraft:dandelion":1,"minecraft:raw_iron_block":1,"minecraft:gravel":6,"born_in_chaos_v1:dark_rod":4,"minecraft:blast_furnace":4,"minecraft:white_bed":6,"minecraft:spruce_log":1,"minecraft:mossy_stone_brick_slab":1,"minecraft:spider_eye":4,"minecraft:leather_helmet":1,"minecraft:stone_axe":2,"herbology:mighty_blossom":6,"minecraft:coal":141,"minecraft:smooth_quartz_slab":1},"minecraft:crafted":{"minecraft:oak_planks":120,"minecraft:smooth_stone":1,"minecraft:birch_boat":1,"minecraft:stone":6,"minecraft:iron_boots":2,"minecraft:chest":8,"stalwart_dungeons:iron_hammer":1,"minecraft:smoker":1,"minecraft:crafting_table":5,"minecraft:iron_helmet":2,"minecraft:wooden_pickaxe":1,"minecraft:baked_potato":24,"minecraft:copper_ingot":9,"minecraft:fletching_table":1,"minecraft:iron_chestplate":2,"minecraft:charcoal":1,"minecraft:diamond_pickaxe":1,"minecraft:shield":4,"minecraft:stick":32,"minecraft:iron_ingot":105,"minecraft:iron_pickaxe":2,"minecraft:gold_ingot":70,"minecraft:raw_iron":9,"minecraft:furnace":2,"minecraft:blast_furnace":1,"minecraft:bone_meal":198,"minecraft:iron_axe":3,"minecraft:stone_pickaxe":1,"warriorsofpastepoch:forgotten_steel_ingot":4,"minecraft:cooked_beef":18,"minecraft:enchanting_table":1,"minecraft:bucket":1,"minecraft:stone_axe":1,"minecraft:air":0,"minecraft:jungle_planks":4,"minecraft:raw_gold":36,"minecraft:wooden_axe":1,"minecraft:iron_leggings":2,"minecraft:white_bed":2,"minecraft:torch":76}},"DataVersion":3465}