{"stats":{"minecraft:broken":{"minecraft:diamond_helmet":2,"minecraft:iron_boots":2,"minecraft:iron_chestplate":1,"minecraft:iron_leggings":2,"minecraft:diamond_leggings":1,"minecraft:shield":2,"minecraft:iron_axe":3,"minecraft:iron_pickaxe":2,"minecraft:iron_helmet":3,"minecraft:diamond_boots":2,"minecraft:stone_axe":1,"minecraft:flint_and_steel":1,"minecraft:diamond_axe":4},"minecraft:killed_by":{"born_in_chaos_v1:nightmare_stalker":2,"alexscaves:brainiac":2,"born_in_chaos_v1:lifestealer_true_form":1,"minecraft:stray":1,"zesshou_echoes_of_the_forlorn:crying_skeleton":1,"man:managgresive":2,"zesshou_echoes_of_the_forlorn:deceased_zombie":1,"minecraft:player":4,"zesshou_echoes_of_the_forlorn:dreadhoof":2,"zesshou_echoes_of_the_forlorn:tormentor":1},"minecraft:custom":{"minecraft:interact_with_crafting_table":164,"minecraft:open_barrel":141,"minecraft:bell_ring":1,"minecraft:leave_game":11,"minecraft:time_since_death":190345,"minecraft:damage_blocked_by_shield":8608,"minecraft:play_time":2160359,"minecraft:deaths":28,"minecraft:jump":33723,"minecraft:enchant_item":19,"minecraft:interact_with_furnace":191,"minecraft:traded_with_villager":1836,"minecraft:sleep_in_bed":85,"minecraft:damage_dealt":284960,"minecraft:interact_with_smoker":122,"minecraft:inspect_dispenser":1,"minecraft:horse_one_cm":157320,"minecraft:interact_with_anvil":30,"minecraft:damage_dealt_absorbed":80,"minecraft:sneak_time":64462,"minecraft:interact_with_blast_furnace":87,"minecraft:total_world_time":2160359,"minecraft:interact_with_stonecutter":40,"minecraft:time_since_rest":114,"minecraft:swim_one_cm":379867,"minecraft:fly_one_cm":8023121,"minecraft:open_chest":1901,"minecraft:fall_one_cm":751135,"minecraft:animals_bred":2,"minecraft:damage_resisted":626,"minecraft:sprint_one_cm":5623211,"minecraft:drop":1004,"minecraft:talked_to_villager":442,"minecraft:interact_with_brewingstand":12,"minecraft:walk_on_water_one_cm":202846,"minecraft:player_kills":2,"minecraft:crouch_one_cm":226793,"minecraft:mob_kills":1032,"minecraft:damage_dealt_resisted":12193,"minecraft:climb_one_cm":126306,"minecraft:walk_one_cm":6381428,"minecraft:raid_win":1,"minecraft:walk_under_water_one_cm":145577,"minecraft:boat_one_cm":1248113,"minecraft:raid_trigger":1,"minecraft:interact_with_grindstone":7,"minecraft:damage_absorbed":654,"minecraft:damage_taken":35834,"minecraft:trigger_trapped_chest":4},"minecraft:used":{"minecraft:smooth_quartz_slab":1,"sophisticatedbackpacks:copper_backpack":1,"minecraft:ladder":32,"minecraft:poppy":4,"minecraft:chest":277,"minecraft:stone":480,"herbology:hustle_berry":35,"minecraft:soul_sand":6,"cataclysm:infernal_forge":15,"minecraft:jungle_sapling":24,"born_in_chaos_v1:smoked_flesh":23,"minecraft:lava_bucket":10,"minecraft:grass_block":3,"born_in_chaos_v1:elixir_of_vampirism":1,"minecraft:dark_oak_boat":18,"minecraft:cooked_cod":3,"minecraft:furnace":17,"minecraft:egg":1,"minecraft:potato":200,"minecraft:deepslate_brick_wall":98,"minecraft:damaged_anvil":1,"minecraft:diorite":14,"upgrade_aquatic:mulberry":2,"warriorsofpastepoch:anti_plague_serum":1,"minecraft:blackstone":16,"minecraft:wooden_pickaxe":3,"naturalist:duck_egg":5,"minecraft:golden_apple":22,"herbology:vital_cactus":1,"minecraft:sand":48,"minecraft:blast_furnace":15,"minecraft:deepslate_brick_stairs":85,"minecraft:deepslate_tiles":382,"born_in_chaos_v1:staffof_magic_arrows":1,"minecraft:lectern":78,"warriorsofpastepoch:moldy_cheese":1,"minecraft:soul_lantern":9,"minecraft:diamond_sword":2859,"zesshou_echoes_of_the_forlorn:elderflame_potion":1,"minecraft:enchanting_table":3,"minecraft:netherrack":297,"minecraft:anvil":2,"minecraft:torch":253,"minecraft:brewing_stand":1,"minecraft:iron_axe":1228,"minecraft:jungle_log":16,"minecraft:mud_bricks":2,"minecraft:diamond_chestplate":1,"minecraft:basalt":6,"minecraft:beef":1,"minecraft:cobbled_deepslate":126,"minecraft:water_bucket":294,"minecraft:fletching_table":9,"minecraft:deepslate_bricks":1348,"minecraft:polished_blackstone_bricks":6,"minecraft:salmon":1,"minecraft:polished_deepslate_slab":1,"minecraft:mossy_cobblestone":15,"minecraft:crafting_table":48,"minecraft:white_bed":17,"zesshou_echoes_of_the_forlorn:tainted_tender_potion":1,"minecraft:oak_log":1,"minecraft:diamond_shovel":5930,"minecraft:diamond_pickaxe":15032,"minecraft:iron_pickaxe":501,"minecraft:cobblestone":821,"minecraft:potion":2,"minecraft:cooked_porkchop":26,"alexscaves:nuclear_bomb":1,"alexscaves:radrock":9,"minecraft:diamond_leggings":2,"radiation_zone:decaying_stone":5,"stalwart_dungeons:iron_hammer":144,"minecraft:iron_shovel":134,"minecraft:oak_sign":2,"minecraft:diamond_hoe":17,"minecraft:decorated_pot":2,"minecraft:shield":176,"minecraft:nether_wart":6,"minecraft:bell":1,"minecraft:sculk_sensor":1,"herbology:hustle_berry_seed":2,"minecraft:jungle_planks":55,"minecraft:nether_bricks":36,"minecraft:carrot":190,"minecraft:deepslate_tile_slab":315,"zesshou_echoes_of_the_forlorn:possesed_potion":1,"minecraft:obsidian":5,"minecraft:milk_bucket":2,"minecraft:glass":46,"minecraft:coal_ore":88,"minecraft:lantern":42,"minecraft:iron_helmet":1,"born_in_chaos_v1:gnawed_bones":1,"minecraft:stone_bricks":6408,"minecraft:birch_trapdoor":3,"minecraft:dark_oak_sapling":420,"cataclysm:kobolediator_skull":1,"minecraft:diamond_boots":1,"minecraft:wither_skeleton_skull":4,"minecraft:stone_pickaxe":61,"minecraft:ender_pearl":11,"minecraft:diamond_axe":8254,"cataclysm:chiseled_stone_brick_pillar":3,"sophisticatedbackpacks:backpack":1,"minecraft:string":2,"minecraft:bread":78,"minecraft:dark_oak_log":302,"born_in_chaos_v1:marigolds":1,"minecraft:gravel":95,"minecraft:grindstone":1,"minecraft:cooked_rabbit":9,"minecraft:andesite":1,"minecraft:tropical_fish_bucket":2,"minecraft:bone_meal":873,"minecraft:experience_bottle":128,"minecraft:netherite_sword":5,"minecraft:flint_and_steel":105,"minecraft:sculk":8,"minecraft:cooked_chicken":2,"minecraft:dirt":4500,"minecraft:diamond_helmet":3,"cataclysm:sandstone_falling_trap":2,"minecraft:granite":4,"minecraft:wooden_axe":17,"minecraft:bookshelf":18,"minecraft:oak_stairs":2,"minecraft:smooth_sandstone":10,"cataclysm:abyss_eye":2,"minecraft:golden_carrot":8,"minecraft:soul_soil":4,"minecraft:deepslate_tile_stairs":42,"minecraft:white_stained_glass_pane":17,"minecraft:cooked_beef":22,"cataclysm:remnant_skull":1,"minecraft:brown_bed":2,"born_in_chaos_v1:trident_hayfork":470,"minecraft:cooked_mutton":8,"minecraft:baked_potato":425,"minecraft:stonecutter":1,"minecraft:dark_oak_door":2,"minecraft:smoker":12,"minecraft:apple":38,"zesshou_echoes_of_the_forlorn:marked_potion":2,"minecraft:stone_axe":75,"minecraft:end_crystal":8,"minecraft:bucket":307,"minecraft:yellow_bed":7,"warriorsofpastepoch:rat_carcass":1},"minecraft:crafted":{"minecraft:smooth_stone":45,"minecraft:chainmail_helmet":5,"minecraft:birch_boat":1,"minecraft:diamond_shovel":1,"minecraft:bookshelf":23,"patchouli:guide_book":1,"minecraft:cooked_mutton":8,"minecraft:deepslate_brick_stairs":6,"minecraft:glass":56,"minecraft:diamond_helmet":4,"minecraft:diamond_leggings":4,"sophisticatedbackpacks:tank_upgrade":2,"aether:diamond_gloves":1,"minecraft:deepslate":49,"minecraft:emerald":2186,"minecraft:diamond_axe":4,"minecraft:copper_ingot":55,"minecraft:sticky_piston":1,"minecraft:fletching_table":7,"minecraft:lectern":5,"cataclysm:abyss_eye":1,"born_in_chaos_v1:smoked_flesh":26,"minecraft:iron_pickaxe":2,"minecraft:iron_block":11,"minecraft:gold_ingot":101,"minecraft:jukebox":1,"minecraft:iron_nugget":486,"sophisticatedbackpacks:stack_upgrade_tier_1":1,"minecraft:soul_torch":76,"sophisticatedbackpacks:jukebox_upgrade":1,"minecraft:bone_meal":876,"sophisticatedbackpacks:advanced_pump_upgrade":1,"minecraft:lantern":45,"minecraft:deepslate_brick_wall":20,"minecraft:ladder":48,"minecraft:stone_pickaxe":1,"minecraft:diamond_boots":4,"minecraft:dark_oak_planks":14120,"minecraft:wheat":297,"minecraft:enchanting_table":1,"sophisticatedbackpacks:gold_backpack":1,"minecraft:white_stained_glass":8,"minecraft:enchanted_book":40,"minecraft:soul_lantern":19,"minecraft:golden_apple":19,"minecraft:wooden_axe":1,"minecraft:iron_shovel":1,"minecraft:iron_leggings":2,"minecraft:white_bed":7,"minecraft:oak_planks":5372,"minecraft:dark_oak_boat":1,"minecraft:stone":416,"aether:golden_ring":3,"minecraft:dark_oak_door":3,"minecraft:bow":26,"minecraft:iron_boots":2,"minecraft:chest":270,"stalwart_dungeons:iron_hammer":1,"minecraft:ender_eye":3,"minecraft:stone_bricks":5477,"minecraft:smoker":11,"minecraft:oak_slab":24,"minecraft:arrow":1888,"minecraft:crafting_table":43,"minecraft:wooden_pickaxe":1,"minecraft:iron_helmet":2,"minecraft:baked_potato":486,"minecraft:birch_planks":1024,"sophisticatedbackpacks:upgrade_base":5,"minecraft:white_stained_glass_pane":16,"minecraft:dispenser":1,"minecraft:emerald_block":130,"sophisticatedbackpacks:xp_pump_upgrade":1,"minecraft:iron_chestplate":2,"minecraft:diamond_pickaxe":3,"minecraft:charcoal":1,"minecraft:shield":5,"sophisticatedbackpacks:diamond_backpack":1,"minecraft:stick":49924,"minecraft:iron_ingot":361,"minecraft:deepslate_tile_slab":2,"minecraft:raw_iron":9,"minecraft:furnace":40,"minecraft:blast_furnace":11,"minecraft:piston":2,"minecraft:glass_pane":16,"minecraft:flint_and_steel":1,"minecraft:iron_axe":5,"warriorsofpastepoch:forgotten_steel_ingot":9,"born_in_chaos_v1:trident_hayfork":1,"minecraft:netherite_scrap":19,"minecraft:cooked_beef":18,"minecraft:diamond_sword":4,"minecraft:bucket":4,"minecraft:stone_axe":1,"minecraft:bread":99,"minecraft:air":0,"minecraft:jungle_planks":6848,"sophisticatedbackpacks:pump_upgrade":1,"minecraft:white_dye":3,"minecraft:raw_gold":45,"minecraft:stonecutter":1,"minecraft:anvil":1,"minecraft:torch":192,"minecraft:diamond_chestplate":3},"minecraft:mined":{"minecraft:cut_sandstone_slab":6,"minecraft:white_bed":8,"minecraft:potted_crimson_roots":1,"minecraft:jungle_leaves":4,"minecraft:obsidian":8,"minecraft:granite":5,"born_in_chaos_v1:dark_metal_deposit":40,"minecraft:jungle_log":1794,"minecraft:deepslate_bricks":217,"minecraft:deepslate_tile_stairs":4,"minecraft:oak_wall_sign":4,"minecraft:nether_wart":1,"minecraft:chiseled_stone_bricks":2,"minecraft:spawner":55,"minecraft:weeping_vines_plant":1,"minecraft:tall_seagrass":3,"minecraft:polished_blackstone_bricks":4,"minecraft:cobbled_deepslate":24,"minecraft:fire":170,"minecraft:moss_carpet":1,"minecraft:deepslate_lapis_ore":13,"minecraft:fletching_table":2,"minecraft:enchanting_table":2,"minecraft:sculk_shrieker":3,"minecraft:polished_deepslate_slab":1,"blue_skies:spider_webbing":1,"minecraft:dirt_path":135,"minecraft:oak_stairs":395,"minecraft:deepslate_brick_stairs":7,"minecraft:smooth_sandstone_stairs":4,"born_in_chaos_v1:black_argillite_n":1,"minecraft:iron_block":14,"minecraft:tripwire":12,"minecraft:cut_sandstone":23,"minecraft:deepslate_brick_wall":2,"minecraft:smoker":1,"minecraft:soul_fire":9,"minecraft:deepslate_tile_slab":29,"minecraft:torch":17,"minecraft:blast_furnace":4,"minecraft:dead_bush":3,"minecraft:white_stained_glass_pane":5,"radiation_zone:deepslate_natural_uranium":7,"herbology:ember_leaf_plant":2,"minecraft:smooth_quartz_slab":1,"minecraft:damaged_anvil":1,"minecraft:sugar_cane":1,"minecraft:bricks":9,"minecraft:smooth_sandstone_slab":1,"minecraft:polished_diorite_stairs":1,"minecraft:white_terracotta":119,"minecraft:chain":2,"gnumus:gnumus_clay_block":6,"minecraft:wheat":13,"minecraft:stone_brick_stairs":4,"minecraft:grass":433,"minecraft:oak_fence_gate":1,"minecraft:dark_oak_sapling":23,"born_in_chaos_v1:infernal_evil_pumpkin_s":1,"minecraft:deepslate":2325,"minecraft:deepslate_tiles":6,"minecraft:mossy_cobblestone":86,"alexscaves:radrock":51,"minecraft:dark_oak_log":3960,"minecraft:cobbled_deepslate_slab":2,"minecraft:nether_bricks":88,"minecraft:dark_oak_fence":12,"minecraft:jungle_planks":8,"minecraft:crimson_roots":3,"born_in_chaos_v1:puddleofintoxication":4,"minecraft:cartography_table":1,"minecraft:packed_mud":1,"minecraft:andesite":145,"herbology:mighty_blossom_plant":5,"minecraft:mossy_stone_brick_stairs":1,"minecraft:potatoes":164,"minecraft:cobblestone_slab":8,"minecraft:vine":37,"gnumus:fragile_gnumus_jug":17,"warriorsofpastepoch:depositof_forgotten_steel":10,"minecraft:bamboo":1,"minecraft:oak_slab":4,"minecraft:redstone_block":1,"minecraft:glass_pane":51,"minecraft:soul_sand":120,"minecraft:stone_brick_slab":8,"minecraft:dandelion":4,"minecraft:smooth_sandstone":25,"herbology:hustle_berry_stem":9,"minecraft:copper_ore":72,"minecraft:tall_grass":73,"minecraft:deepslate_gold_ore":14,"minecraft:diorite":68,"minecraft:red_terracotta":5,"minecraft:coarse_dirt":1,"graveyard:vase_block":3,"minecraft:cobblestone_wall":4,"minecraft:birch_leaves":8,"upgrade_aquatic:flowering_rush":3,"cataclysm:sandstone_falling_trap":2,"minecraft:gravel":307,"minecraft:cobweb":1,"minecraft:stone_bricks":719,"minecraft:gold_ore":2,"minecraft:fern":11,"herbology:hustle_berry_fruit":18,"minecraft:farmland":107,"minecraft:stone_pressure_plate":1,"warriorsofpastepoch:cistus":3,"minecraft:mossy_stone_brick_slab":5,"minecraft:sculk_vein":2,"minecraft:cobblestone_stairs":29,"minecraft:brewing_stand":1,"cataclysm:sandstone_ignite_trap":4,"herbology:vital_cactus":1,"minecraft:grass_block":2766,"minecraft:soul_soil":24,"minecraft:mud_bricks":20,"minecraft:composter":3,"minecraft:smooth_stone":3,"cataclysm:sandstone_poison_dart_trap":1,"minecraft:raw_iron_block":1,"minecraft:mossy_cobblestone_slab":2,"minecraft:glowstone":1,"minecraft:iron_ore":137,"born_in_chaos_v1:black_argillite_brick_stairs":7,"minecraft:anvil":1,"minecraft:brown_bed":2,"minecraft:red_tulip":1,"minecraft:iron_bars":2,"minecraft:granite_stairs":1,"minecraft:deepslate_redstone_ore":5,"minecraft:blackstone":19,"minecraft:orange_terracotta":1,"minecraft:soul_lantern":7,"minecraft:clay":1,"minecraft:chest":43,"minecraft:mushroom_stem":2,"minecraft:wither_skeleton_wall_skull":1,"minecraft:nether_quartz_ore":7,"minecraft:cobblestone":744,"minecraft:birch_wood":74,"minecraft:grindstone":2,"minecraft:oak_planks":380,"minecraft:wall_torch":7,"minecraft:seagrass":2,"minecraft:blue_terracotta":2,"minecraft:birch_trapdoor":2,"minecraft:birch_log":331,"minecraft:stripped_oak_wood":2,"born_in_chaos_v1:river_mint":16,"minecraft:tnt":9,"minecraft:smooth_stone_slab":15,"minecraft:yellow_stained_glass_pane":5,"minecraft:cracked_deepslate_tiles":1,"minecraft:oak_log":1559,"minecraft:beetroots":1,"alexscaves:cinder_block":4,"minecraft:dirt":2363,"minecraft:sand":192,"minecraft:wither_skeleton_skull":2,"minecraft:netherrack":1199,"minecraft:ancient_debris":19,"minecraft:oak_leaves":45,"minecraft:nether_gold_ore":5,"alexscaves:spelunkery_table":1,"minecraft:diamond_ore":1,"minecraft:tuff":39,"minecraft:red_carpet":4,"upgrade_aquatic:river_log":4,"minecraft:deepslate_diamond_ore":37,"minecraft:oak_door":19,"minecraft:ladder":7,"gravestone:gravestone":28,"cataclysm:kobolediator_skull":1,"minecraft:decorated_pot":8,"cataclysm:chiseled_stone_brick_pillar":3,"minecraft:brick_stairs":1,"minecraft:polished_andesite_slab":4,"minecraft:spruce_leaves":9,"minecraft:infested_chiseled_stone_bricks":2,"minecraft:sandstone":12,"minecraft:large_fern":2,"minecraft:hay_block":31,"alexscaves:radrock_uranium_ore":23,"minecraft:oak_trapdoor":16,"gnumus:scion_weed":1,"minecraft:potted_dark_oak_sapling":4,"minecraft:furnace":12,"minecraft:carrots":67,"minecraft:raw_gold_block":1,"minecraft:chiseled_sandstone":4,"minecraft:peony":1,"minecraft:gold_block":6,"minecraft:bell":1,"minecraft:bookshelf":60,"minecraft:deepslate_iron_ore":36,"minecraft:lantern":2,"minecraft:stripped_oak_log":52,"minecraft:stone":8208,"herbology:salt_block":37,"born_in_chaos_v1:marigolds":1,"minecraft:basalt":7,"minecraft:oak_fence":60,"minecraft:crafting_table":16,"alexscaves:radrock_bricks":3,"minecraft:blackstone_slab":1,"born_in_chaos_v1:black_argillite_brick_n":1,"minecraft:andesite_slab":3,"minecraft:lectern":73,"born_in_chaos_v1:chipped_black_argillite_brick":2,"minecraft:lapis_ore":9,"zesshou_echoes_of_the_forlorn:diamond_gilded_blackstone":4,"minecraft:sculk":8,"minecraft:birch_planks":2,"minecraft:cactus":7,"alexscaves:waste_drum":1,"minecraft:yellow_bed":5,"minecraft:coal_ore":559,"minecraft:gray_carpet":1,"minecraft:cracked_stone_bricks":11,"minecraft:terracotta":4,"minecraft:polished_andesite":1,"minecraft:mossy_stone_bricks":7},"minecraft:picked_up":{"minecraft:seagrass":4,"alexscaves:waste_drum":2,"minecraft:anvil":1,"minecraft:flower_pot":8,"minecraft:lead":1,"minecraft:diamond_sword":1,"minecraft:oak_stairs":660,"minecraft:brown_bed":2,"minecraft:enchanted_book":6,"cataclysm:abyss_eye":2,"minecraft:brewing_stand":1,"zesshou_echoes_of_the_forlorn:possesed_potion":4,"minecraft:music_disc_cat":1,"minecraft:string":149,"minecraft:soul_soil":22,"upgrade_aquatic:river_sapling":2,"minecraft:pufferfish":7,"minecraft:beetroot":3,"illagerinvasion:platinum_infused_hatchet":2,"minecraft:cobbled_deepslate":2340,"upgrade_aquatic:river_log":4,"minecraft:gold_nugget":25,"zesshou_echoes_of_the_forlorn:marked_potion":2,"warriorsofpastepoch:rat_carcass":8,"alexscaves:cinder_block":4,"minecraft:enchanted_golden_apple":2,"herbology:might_blossom_seed":8,"upgrade_aquatic:mulberry":3,"minecraft:mangrove_log":4,"minecraft:polished_blackstone_stairs":1,"born_in_chaos_v1:shattered_skull":10,"minecraft:composter":5,"minecraft:acacia_log":1,"cataclysm:kobolediator_skull":4,"minecraft:sandstone_wall":6,"minecraft:golden_axe":1,"born_in_chaos_v1:black_argillite_brick_stairs":2,"cataclysm:music_disc_ancient_remnant":1,"minecraft:deepslate_tile_stairs":4,"aquamirae:esca":1,"gnumus:wrapper_with_goods":7,"minecraft:yellow_banner":4,"gnumus:vintage_metal":8,"minecraft:iron_block":14,"minecraft:red_tulip":1,"zesshou_echoes_of_the_forlorn:tainted_tender_potion":1,"minecraft:white_terracotta":176,"minecraft:blaze_rod":29,"minecraft:iron_bars":2,"minecraft:birch_log":315,"born_in_chaos_v1:staffof_magic_arrows":2,"minecraft:magma_block":7,"minecraft:feather":8,"minecraft:cooked_beef":4,"zesshou_echoes_of_the_forlorn:predominant_tooth":63,"minecraft:water_bucket":1,"born_in_chaos_v1:spiritual_dust":33,"minecraft:jungle_log":1722,"minecraft:dark_oak_boat":18,"minecraft:smoker":1,"minecraft:flint":51,"upgrade_aquatic:flowering_rush":4,"born_in_chaos_v1:black_argillite_button":3,"warriorsofpastepoch:forgotten_steel_nugget":3,"minecraft:lantern":2,"minecraft:disc_fragment_5":1,"aquamirae:fin":4,"gnumus:gnumus_pouch_2":20,"cataclysm:koboleton_bone":74,"born_in_chaos_v1:marigolds":6,"zesshou_echoes_of_the_forlorn:tenebrium":8,"minecraft:rabbit":3,"aether:book_of_lore":1,"minecraft:glowstone_dust":8,"minecraft:moss_block":7,"warriorsofpastepoch:anti_plague_serum":1,"aquamirae:anglers_fang":1,"minecraft:stripped_spruce_log":1,"minecraft:ink_sac":2,"minecraft:red_terracotta":5,"minecraft:dark_oak_log":3965,"minecraft:barrel":1,"naturalist:duck_egg":4,"arthropocolypse:gilded_organ":1,"man:tearoftheman":1,"minecraft:polished_andesite":1,"minecraft:blue_terracotta":5,"minecraft:deepslate":39,"cataclysm:sandstone_falling_trap":2,"minecraft:granite":8,"zesshou_echoes_of_the_forlorn:bone_of_torment":126,"minecraft:bread":3,"born_in_chaos_v1:rotten_fish":5,"minecraft:dark_oak_fence":13,"minecraft:bricks":8,"minecraft:crimson_roots":7,"minecraft:diamond_pickaxe":8,"sophisticatedbackpacks:gold_backpack":1,"minecraft:crafting_table":16,"minecraft:coarse_dirt":1,"minecraft:nether_wart":4,"minecraft:clay_ball":50,"born_in_chaos_v1:seedof_chaos":31,"gravestone:obituary":19,"zesshou_echoes_of_the_forlorn:cursed_potion":6,"minecraft:flint_and_steel":1,"born_in_chaos_v1:intoxicating_decoction":1,"warriorsofpastepoch:plague_serum_black_death":1,"minecraft:cracked_stone_bricks":3,"minecraft:cartography_table":1,"minecraft:beef":10,"born_in_chaos_v1:gnawed_bones":1,"minecraft:jungle_sapling":96,"minecraft:iron_nugget":29,"minecraft:poppy":13,"minecraft:chest":39,"minecraft:birch_sapling":163,"minecraft:diamond_hoe":2,"minecraft:copper_ore":69,"alexscaves:radrock_bricks":3,"minecraft:sandstone":10,"minecraft:polished_deepslate_slab":1,"minecraft:stone":6695,"minecraft:raw_gold_block":1,"minecraft:oak_door":32,"zesshou_echoes_of_the_forlorn:dread_leather":13,"gnumus:juicy_meat":22,"sophisticatedbackpacks:backpack":1,"minecraft:carrot":324,"born_in_chaos_v1:pieceofdarkmetal":105,"minecraft:redstone":100,"minecraft:tnt":9,"born_in_chaos_v1:charmof_fury":2,"herbology:vital_cactus_seed":1,"minecraft:cooked_cod":3,"minecraft:beetroot_seeds":9,"minecraft:decorated_pot":6,"arthropocolypse:gilded_scale":60,"minecraft:shears":1,"minecraft:deepslate_bricks":216,"minecraft:hay_block":31,"minecraft:yellow_terracotta":2,"born_in_chaos_v1:spiny_shell":13,"minecraft:gold_ingot":14,"minecraft:totem_of_undying":4,"sophisticatedbackpacks:copper_backpack":3,"gnumus:mouse_skin":36,"minecraft:mutton":17,"minecraft:white_wool":11,"minecraft:oxeye_daisy":1,"minecraft:stripped_oak_log":72,"minecraft:mud_bricks":23,"born_in_chaos_v1:monster_flesh":11,"minecraft:tripwire_hook":2,"minecraft:blackstone_slab":1,"minecraft:red_mushroom":5,"gnumus:gnumus_pouch":22,"warriorsofpastepoch:azure_fabric":1,"minecraft:packed_mud":1,"minecraft:oak_log":1669,"minecraft:lily_pad":2,"minecraft:ancient_debris":19,"minecraft:golden_boots":1,"alexscaves:charred_remnant":1,"minecraft:paper":69,"minecraft:white_banner":2,"arthropocolypse:ice_crawler_meat":2,"minecraft:apple":111,"minecraft:stone_bricks":789,"minecraft:kelp":11,"born_in_chaos_v1:smoked_flesh":23,"minecraft:oak_fence_gate":2,"minecraft:iron_ore":1,"minecraft:cobweb":18,"minecraft:glass_bottle":5,"minecraft:white_stained_glass_pane":1,"minecraft:sweet_berries":7,"minecraft:sculk":8,"born_in_chaos_v1:orbofthe_summoner":7,"born_in_chaos_v1:ethereal_spirit":28,"minecraft:spyglass":1,"minecraft:gravel":271,"gnumus:gnumus_cheese":8,"minecraft:spruce_log":2,"cataclysm:ancient_metal_block":1,"minecraft:leather_helmet":1,"warriorsofpastepoch:musket_ammo":62,"minecraft:coal_ore":91,"minecraft:slime_ball":1,"aether:golden_ring":1,"minecraft:stone_axe":2,"herbology:mighty_blossom":6,"zesshou_echoes_of_the_forlorn:sovereign_seed":20,"minecraft:diamond_axe":1,"alexscaves:cave_map":1,"mowziesmobs:umvuthana_mask_fear":1,"minecraft:baked_potato":35,"minecraft:smooth_quartz_slab":1,"minecraft:ender_pearl":10,"minecraft:wheat":44,"cataclysm:monstrous_horn":1,"illagerinvasion:platinum_chunk":7,"gnumus:gnumus_claw":29,"minecraft:potion":5,"minecraft:stone_brick_stairs":4,"warriorsofpastepoch:moldy_cheese":1,"minecraft:raw_copper":11,"aether:diamond_gloves":1,"minecraft:smooth_stone_slab":15,"minecraft:experience_bottle":8,"minecraft:oak_sign":6,"minecraft:deepslate_tiles":6,"minecraft:smooth_stone":21,"gnumus:packaged_goods":32,"minecraft:cobblestone_slab":8,"born_in_chaos_v1:stimulating_decoction":4,"minecraft:furnace":13,"minecraft:tipped_arrow":13,"minecraft:stick":884,"born_in_chaos_v1:armor_plate_from_dark_metal":4,"minecraft:deepslate_brick_wall":2,"minecraft:birch_trapdoor":4,"minecraft:oak_fence":119,"cataclysm:chiseled_stone_brick_pillar":3,"minecraft:torch":122,"minecraft:porkchop":26,"alexscaves:nuclear_bomb":1,"minecraft:pointed_dripstone":8,"minecraft:diorite":68,"born_in_chaos_v1:nightmare_claw":3,"gnumus:grilled_juicy_meat":8,"herbology:hustle_berry":37,"minecraft:nether_gold_ore":10,"minecraft:cactus":13,"born_in_chaos_v1:elixir_of_vampirism":1,"minecraft:rotten_flesh":219,"gnumus:gnumus_chickpeas":22,"minecraft:deepslate_brick_stairs":37,"minecraft:obsidian":8,"adventurez:orc_skin":14,"minecraft:cod":21,"minecraft:cobblestone":2862,"minecraft:blaze_powder":13,"minecraft:nautilus_shell":3,"minecraft:enchanting_table":2,"gnumus:gnumus_doubloons":38,"minecraft:magma_cream":9,"minecraft:andesite":143,"gnumus:overripe_carrot":47,"minecraft:potato":651,"minecraft:tuff":63,"minecraft:smooth_sandstone_stairs":4,"herbology:vital_cactus":1,"minecraft:wither_skeleton_skull":4,"radiation_zone:decaying_stone":1,"minecraft:lapis_lazuli":148,"minecraft:dirt":5943,"minecraft:cut_sandstone_slab":4,"minecraft:name_tag":2,"born_in_chaos_v1:monster_skin":9,"minecraft:bone":324,"minecraft:bow":11,"alexscaves:toxic_paste":3,"minecraft:wheat_seeds":297,"minecraft:orange_tulip":1,"stalwart_dungeons:iron_hammer":1,"adventurez:raw_venison":4,"minecraft:raw_gold":36,"minecraft:bell":1,"minecraft:birch_wood":23,"minecraft:grindstone":2,"minecraft:bamboo":66,"minecraft:fletching_table":2,"alexscaves:radrock_uranium_ore":22,"minecraft:oak_planks":389,"minecraft:mossy_stone_brick_stairs":1,"minecraft:cooked_porkchop":26,"minecraft:oak_pressure_plate":1,"minecraft:poisonous_potato":4,"minecraft:polished_blackstone_slab":4,"minecraft:jungle_planks":8,"minecraft:sand":206,"minecraft:grass_block":4,"minecraft:chiseled_sandstone":4,"minecraft:mossy_cobblestone":141,"warriorsofpastepoch:forgotten_steel":10,"born_in_chaos_v1:fire_dust":8,"gnumus:vintage_parts":3,"minecraft:diamond":58,"gnumus:gnumus_clay":101,"minecraft:soul_lantern":9,"minecraft:cracked_polished_blackstone_bricks":7,"herbology:ember_leaf_seed":2,"minecraft:crossbow":3,"minecraft:bone_meal":1,"cataclysm:ancient_metal_nugget":29,"minecraft:emerald":86,"minecraft:oak_sapling":763,"minecraft:netherrack":1061,"minecraft:andesite_slab":1,"minecraft:cocoa_beans":7,"minecraft:allium":6,"minecraft:azure_bluet":2,"minecraft:ladder":19,"born_in_chaos_v1:river_mint":26,"minecraft:turtle_helmet":1,"minecraft:brown_mushroom":3,"minecraft:wooden_pickaxe":1,"minecraft:cooked_rabbit":9,"minecraft:gold_block":7,"minecraft:diamond_horse_armor":1,"minecraft:chain":7,"minecraft:shield":4,"aether:leather_gloves":2,"minecraft:oak_trapdoor":26,"minecraft:moss_carpet":4,"warriorsofpastepoch:cistus":27,"minecraft:iron_axe":3,"minecraft:blackstone":25,"takesapillage:ravager_horn":1,"graveyard:corruption":1,"minecraft:candle":2,"minecraft:echo_shard":3,"minecraft:light_gray_wool":1,"minecraft:lectern":73,"minecraft:sugar_cane":3,"herbology:salt_block":36,"minecraft:dark_oak_sapling":585,"minecraft:raw_iron":218,"arthropocolypse:scarab":10,"minecraft:polished_blackstone_bricks":55,"totemic:tipi":1,"minecraft:stone_pressure_plate":1,"minecraft:dark_oak_planks":24,"minecraft:smooth_sandstone_slab":1,"minecraft:arrow":106,"minecraft:nether_bricks":98,"alexscaves:spelunkery_table":1,"minecraft:saddle":1,"minecraft:ward_armor_trim_smithing_template":1,"gnumus:gnumus_pouch_3":3,"minecraft:brick_stairs":1,"born_in_chaos_v1:trident_hayfork":4,"born_in_chaos_v1:fused_bone":12,"born_in_chaos_v1:corpse_maggot":34,"herbology:hustle_berry_seed":36,"minecraft:basalt":20,"minecraft:salmon":1,"minecraft:golden_carrot":6,"minecraft:glow_ink_sac":1,"minecraft:cut_sandstone":17,"minecraft:leather":39,"minecraft:birch_planks":2,"minecraft:yellow_glazed_terracotta":4,"minecraft:cobblestone_wall":8,"minecraft:yellow_bed":7,"minecraft:gunpowder":86,"minecraft:cobblestone_stairs":38,"minecraft:deepslate_tile_slab":26,"radiation_zone:natural_uranium":7,"minecraft:orange_terracotta":1,"minecraft:smooth_sandstone":19,"minecraft:red_carpet":4,"cataclysm:infernal_forge":4,"gnumus:gnumus_horn":3,"cataclysm:sandstorm_in_a_bottle":1,"minecraft:iron_ingot":59,"alexscaves:radrock":49,"minecraft:cooked_chicken":2,"minecraft:polished_andesite_slab":2,"minecraft:soul_sand":119,"minecraft:book":209,"minecraft:sculk_catalyst":2,"minecraft:oak_slab":3,"minecraft:nether_quartz_ore":7,"born_in_chaos_v1:death_totem":3,"minecraft:chiseled_stone_bricks":2,"zesshou_echoes_of_the_forlorn:elderflame_potion":2,"herbology:ember_leaf":4,"warriorsofpastepoch:batwing":1,"alexscaves:fissile_core":3,"born_in_chaos_v1:lifestealer_bone":9,"minecraft:stone_brick_slab":7,"minecraft:quartz":3,"minecraft:dandelion":25,"minecraft:raw_iron_block":1,"minecraft:dripstone_block":20,"born_in_chaos_v1:dark_rod":7,"minecraft:blast_furnace":4,"minecraft:amethyst_shard":4,"minecraft:soul_torch":25,"cataclysm:remnant_skull":1,"minecraft:white_bed":9,"minecraft:mossy_stone_brick_slab":5,"minecraft:spider_eye":68,"mowziesmobs:naga_fang":4,"minecraft:sculk_sensor":3,"cataclysm:ancient_metal_ingot":28,"minecraft:damaged_anvil":1,"minecraft:coal":898},"minecraft:dropped":{"minecraft:porkchop":2,"minecraft:lapis_lazuli":57,"minecraft:oak_pressure_plate":1,"gnumus:overripe_carrot":7,"minecraft:glass_bottle":8,"minecraft:crossbow":3,"minecraft:orange_tulip":2,"minecraft:cracked_stone_bricks":3,"minecraft:cut_sandstone_slab":3,"minecraft:leather_helmet":1,"minecraft:emerald":8,"minecraft:gold_block":1,"born_in_chaos_v1:monster_flesh":1,"minecraft:packed_mud":1,"minecraft:dirt":32,"warriorsofpastepoch:cistus":12,"gnumus:gnumus_claw":13,"minecraft:dark_oak_fence":13,"minecraft:chain":6,"minecraft:jungle_sapling":52,"minecraft:gold_nugget":2,"born_in_chaos_v1:trident_hayfork":2,"minecraft:bone_meal":1,"minecraft:sand":6,"minecraft:dark_oak_planks":2,"minecraft:dark_oak_boat":1,"minecraft:white_wool":5,"minecraft:bone":31,"minecraft:oak_door":8,"minecraft:dark_oak_door":1,"minecraft:stone_axe":2,"minecraft:sugar_cane":1,"minecraft:cobbled_deepslate":15,"aether:golden_gloves":1,"minecraft:birch_sapling":114,"minecraft:wheat":7,"minecraft:rotten_flesh":136,"minecraft:birch_wood":23,"minecraft:enchanted_golden_apple":2,"minecraft:oak_planks":7,"herbology:hustle_berry":1,"warriorsofpastepoch:musket_ammo":124,"minecraft:blaze_powder":1,"minecraft:golden_shovel":1,"minecraft:azure_bluet":1,"minecraft:white_bed":1,"warriorsofpastepoch:azure_fabric":2,"minecraft:ladder":3,"minecraft:yellow_banner":4,"gnumus:gnumus_pouch":4,"minecraft:white_dye":2,"cataclysm:infernal_forge":3,"minecraft:stone_brick_stairs":2,"minecraft:enchanted_book":1,"minecraft:golden_boots":1,"minecraft:iron_ingot":26,"minecraft:wheat_seeds":144,"herbology:vital_cactus_seed":1,"minecraft:dripstone_block":17,"minecraft:yellow_terracotta":2,"minecraft:feather":4,"minecraft:cobblestone":1208,"minecraft:apple":11,"warriorsofpastepoch:forgotten_steel_nugget":3,"minecraft:granite":4,"minecraft:golden_apple":5,"minecraft:golden_carrot":3,"minecraft:ink_sac":2,"minecraft:wooden_axe":1,"minecraft:rabbit":3,"minecraft:yellow_glazed_terracotta":4,"gnumus:gnumus_pouch_3":1,"minecraft:diamond_helmet":1,"minecraft:oak_stairs":64,"zesshou_echoes_of_the_forlorn:predominant_tooth":1,"minecraft:white_banner":2,"herbology:mighty_blossom":1,"minecraft:smooth_stone":2,"minecraft:paper":41,"minecraft:string":19,"minecraft:lily_pad":1,"minecraft:stone_brick_slab":7,"minecraft:bricks":6,"zesshou_echoes_of_the_forlorn:tenebrium":1,"minecraft:moss_carpet":3,"minecraft:soul_soil":18,"minecraft:cocoa_beans":7,"gnumus:vintage_metal":2,"born_in_chaos_v1:rotten_fish":4,"minecraft:clay_ball":8,"upgrade_aquatic:flowering_rush":4,"herbology:salt_block":4,"minecraft:oak_sign":4,"minecraft:shears":2,"cataclysm:abyss_eye":1,"minecraft:potato":1,"minecraft:cobblestone_slab":5,"minecraft:stone":71,"aquamirae:fin":1,"minecraft:flower_pot":8,"minecraft:allium":1,"adventurez:orc_skin":5,"minecraft:diamond_pickaxe":8,"minecraft:stone_pressure_plate":1,"minecraft:spider_eye":16,"minecraft:stone_bricks":1,"minecraft:bamboo":2,"minecraft:sandstone":10,"minecraft:bow":5,"minecraft:red_tulip":1,"minecraft:candle":2,"minecraft:moss_block":1,"minecraft:brown_mushroom":2,"minecraft:birch_planks":2,"sophisticatedbackpacks:stack_upgrade_tier_1":1,"minecraft:oak_log":12,"minecraft:baked_potato":44,"minecraft:golden_pickaxe":1,"minecraft:ender_pearl":1,"minecraft:dark_oak_sapling":47,"minecraft:decorated_pot":4,"minecraft:leather":18,"minecraft:cod":21,"mowziesmobs:naga_fang":1,"minecraft:cobblestone_stairs":1,"minecraft:dark_oak_log":5,"born_in_chaos_v1:monster_skin":2,"minecraft:crimson_roots":5,"minecraft:cut_sandstone":17,"minecraft:seagrass":2,"gravestone:obituary":44,"alexscaves:fissile_core":1,"warriorsofpastepoch:thickened_skin":3,"minecraft:gravel":7,"minecraft:pointed_dripstone":8,"born_in_chaos_v1:ethereal_spirit":13,"aether:leather_gloves":3,"minecraft:mossy_stone_brick_slab":5,"arthropocolypse:gilded_scale":7,"minecraft:carrot":229,"patchouli:guide_book":1,"aquamirae:anglers_fang":1,"minecraft:chiseled_stone_bricks":2,"minecraft:sandstone_wall":6,"gnumus:gnumus_doubloons":2,"minecraft:poppy":7,"minecraft:mangrove_log":3,"minecraft:gunpowder":9,"herbology:might_blossom_seed":1,"aquamirae:esca":1,"minecraft:beetroot_seeds":3,"born_in_chaos_v1:corpse_maggot":25,"minecraft:chest":5,"aether:golden_ring":2,"radiation_zone:natural_uranium":1,"minecraft:iron_ore":1,"minecraft:arrow":189,"warriorsofpastepoch:rat_carcass":2,"minecraft:water_bucket":1,"minecraft:bread":116,"minecraft:oak_slab":3,"minecraft:mossy_cobblestone":5,"minecraft:diamond_leggings":1,"minecraft:poisonous_potato":3,"minecraft:golden_axe":1,"minecraft:lead":2,"stalwart_dungeons:iron_hammer":1,"minecraft:grass_block":1,"radiation_zone:decaying_stone":2,"minecraft:stick":40,"minecraft:nether_gold_ore":5,"born_in_chaos_v1:river_mint":8,"minecraft:sculk_catalyst":2,"minecraft:torch":16,"warriorsofpastepoch:plague_serum_black_death":1,"born_in_chaos_v1:fused_bone":5,"born_in_chaos_v1:lifestealer_bone":1,"minecraft:iron_axe":1,"minecraft:tripwire_hook":2,"minecraft:dandelion":17,"minecraft:redstone":3,"warriorsofpastepoch:batwing":1,"minecraft:blue_terracotta":5,"minecraft:kelp":11,"minecraft:sweet_berries":5,"born_in_chaos_v1:black_argillite_brick_stairs":1,"minecraft:oak_trapdoor":8,"minecraft:coarse_dirt":1,"minecraft:blaze_rod":2,"minecraft:raw_copper":8,"minecraft:tuff":3,"born_in_chaos_v1:black_argillite_button":2,"born_in_chaos_v1:spiritual_dust":2,"born_in_chaos_v1:charmof_fury":1,"minecraft:red_terracotta":5,"minecraft:copper_ore":19,"aether:book_of_lore":1,"minecraft:mud_bricks":21,"gnumus:gnumus_clay":75,"minecraft:diamond_chestplate":1,"gnumus:gnumus_pouch_2":4,"minecraft:orange_terracotta":1,"minecraft:andesite":3,"minecraft:iron_chestplate":1,"born_in_chaos_v1:spiny_shell":13,"minecraft:oak_sapling":352,"minecraft:diamond_boots":1,"minecraft:spruce_log":2,"totemic:tipi":1,"minecraft:stone_pickaxe":1,"minecraft:wooden_pickaxe":1,"minecraft:nautilus_shell":3,"minecraft:white_stained_glass":2},"minecraft:killed":{"arthropocolypse:ice_crawler":1,"illagerinvasion:archivist":6,"minecraft:cave_spider":14,"born_in_chaos_v1:restless_spirit":4,"born_in_chaos_v1:zombie_lumberjack":7,"born_in_chaos_v1:skeleton_demoman":4,"born_in_chaos_v1:door_knight_not_despawn":1,"born_in_chaos_v1:siamese_skeletonsright":3,"born_in_chaos_v1:baby_skeleton_minion":9,"illagerinvasion:basher":8,"minecraft:pufferfish":7,"warriorsofpastepoch:scavenger_rat":5,"minecraft:skeleton":42,"adventurez:blaze_guardian":2,"born_in_chaos_v1:skeleton_thrasher":3,"born_in_chaos_v1:supreme_bonescaller_stage_2":6,"cataclysm:kobolediator":1,"cataclysm:wadjet":2,"minecraft:tropical_fish":1,"illagerinvasion:necromancer":1,"minecraft:magma_cube":10,"alexscaves:gammaroach":1,"man:managgresive":1,"naturalist:snake":1,"zesshou_echoes_of_the_forlorn:tormentor":86,"born_in_chaos_v1:bone_imp":1,"gnumus:big_snout":3,"minecraft:iron_golem":4,"cataclysm:ancient_remnant":1,"minecraft:pillager":13,"minecraft:zombie":87,"stalwart_dungeons:incomplete_wither":1,"born_in_chaos_v1:corpse_fly":16,"cataclysm:deepling":1,"born_in_chaos_v1:door_knight":4,"arthropocolypse:behemoth_desert_scorpion":10,"takesapillage:archer":1,"minecraft:cow":4,"minecraft:evoker":3,"alexscaves:brainiac":2,"minecraft:vindicator":20,"illagerinvasion:marauder":6,"born_in_chaos_v1:skeleton_thrasher_not_despawn":5,"born_in_chaos_v1:thornshell_crab":4,"born_in_chaos_v1:firelight":1,"gnumus:gnumus_hunter":18,"adventurez:orc":11,"born_in_chaos_v1:barrel_zombie":5,"cataclysm:koboleton":20,"zesshou_echoes_of_the_forlorn:deceased_zombie":27,"gnumus:gnumus_hunter_not_dispawn":7,"born_in_chaos_v1:spiritof_chaos":2,"minecraft:husk":3,"graveyard:ghoul":3,"born_in_chaos_v1:bone_imp_minion":17,"adventurez:soul_reaper":1,"minecraft:ravager":1,"raided:necromancer":1,"born_in_chaos_v1:decrepit_skeleton":18,"gnumus:gnumus_merchant":1,"born_in_chaos_v1:bloody_gadfly":3,"adventurez:deer":2,"arthropocolypse:behemoth_desert_spider":1,"zesshou_echoes_of_the_forlorn:reaper_skeleton":1,"born_in_chaos_v1:dark_vortex":5,"born_in_chaos_v1:controlled_baby_skeleton":1,"minecraft:enderman":3,"born_in_chaos_v1:lifestealer_true_form":2,"born_in_chaos_v1:zombie_clown":2,"minecraft:zombified_piglin":1,"graveyard:skeleton_creeper":3,"zesshou_echoes_of_the_forlorn:dreadhoof":12,"minecraft:spider":71,"cataclysm:netherite_monstrosity":1,"born_in_chaos_v1:scarlet_persecutor":9,"zesshou_echoes_of_the_forlorn:zombie_brute":9,"gnumus:pitcher_mousse":6,"illagerinvasion:provoker":13,"minecraft:illusioner":1,"minecraft:piglin_brute":11,"born_in_chaos_v1:firelight_not_despawn":5,"minecraft:piglin":9,"born_in_chaos_v1:bonescaller":4,"gnumus:gnumus_shaman":2,"illagerinvasion:alchemist":2,"minecraft:creeper":36,"minecraft:sheep":11,"born_in_chaos_v1:zombie_fisherman":2,"born_in_chaos_v1:dread_hound":8,"minecraft:stray":23,"raided:inquisitor":2,"born_in_chaos_v1:siamese_skeletonsleft":4,"minecraft:blaze":12,"raided:electromancer":1,"minecraft:vex":8,"born_in_chaos_v1:missioner":1,"born_in_chaos_v1:zombie_clown_not_despawn":1,"takesapillage:legioner":1,"aquamirae:maze_mother":1,"born_in_chaos_v1:zombie_bruiser":6,"alexscaves:nucleeper":2,"born_in_chaos_v1:maggot":44,"gnumus:gnumus_worker":5,"takesapillage:clay_golem":9,"zesshou_echoes_of_the_forlorn:brewer_skeleton":32,"arthropocolypse:millipede_head":1,"born_in_chaos_v1:corpse_fish":2,"zesshou_echoes_of_the_forlorn:crying_skeleton":7,"adventurez:piglin_beast":1,"born_in_chaos_v1:fallen_chaos_knight":4,"born_in_chaos_v1:felsteed":1,"aquamirae:maw":2,"born_in_chaos_v1:baby_skeleton":8,"arthropocolypse:scarab":7,"born_in_chaos_v1:swarmer":2,"born_in_chaos_v1:spirit_guide_assistant":1,"takesapillage:skirmisher":1,"zesshou_echoes_of_the_forlorn:fallen_knight":7,"mowziesmobs:umvuthana_follower_raptor":1,"warriorsofpastepoch:skeleton_musketeer":4,"minecraft:hoglin":6,"aquamirae:anglerfish":1,"born_in_chaos_v1:bonescaller_not_despawn":7,"born_in_chaos_v1:nightmare_stalker":4,"minecraft:wither_skeleton":1,"minecraft:player":1,"minecraft:villager":2}},"DataVersion":3465}