{"stats":{"minecraft:custom":{"minecraft:mob_kills":62,"minecraft:interact_with_crafting_table":32,"minecraft:open_barrel":9,"minecraft:damage_dealt_resisted":659,"minecraft:leave_game":3,"minecraft:time_since_death":8543,"minecraft:climb_one_cm":1043,"minecraft:sprint_one_cm":376723,"minecraft:walk_one_cm":530314,"minecraft:damage_blocked_by_shield":2580,"minecraft:drop":84,"minecraft:damage_dealt_absorbed":80,"minecraft:talked_to_villager":7,"minecraft:play_time":158648,"minecraft:sneak_time":1871,"minecraft:deaths":5,"minecraft:walk_under_water_one_cm":749,"minecraft:jump":2567,"minecraft:interact_with_blast_furnace":23,"minecraft:enchant_item":2,"minecraft:walk_on_water_one_cm":12523,"minecraft:total_world_time":158648,"minecraft:interact_with_furnace":36,"minecraft:sleep_in_bed":9,"minecraft:time_since_rest":8573,"minecraft:damage_taken":3411,"minecraft:damage_dealt":15148,"minecraft:swim_one_cm":12590,"minecraft:fly_one_cm":463725,"minecraft:open_chest":89,"minecraft:crouch_one_cm":5691,"minecraft:interact_with_smoker":14,"minecraft:fall_one_cm":64493},"minecraft:picked_up":{"minecraft:coarse_dirt":1,"minecraft:crafting_table":7,"minecraft:clay_ball":4,"minecraft:brown_mushroom":1,"gnumus:gnumus_claw":2,"minecraft:wooden_pickaxe":1,"minecraft:oak_stairs":163,"minecraft:gold_block":2,"minecraft:stone_brick_stairs":1,"minecraft:chain":1,"minecraft:brewing_stand":1,"zesshou_echoes_of_the_forlorn:possesed_potion":1,"minecraft:oak_trapdoor":4,"minecraft:moss_carpet":1,"minecraft:raw_copper":2,"graveyard:corruption":1,"minecraft:cracked_stone_bricks":2,"minecraft:cartography_table":1,"minecraft:smooth_stone":5,"minecraft:cobbled_deepslate":19,"warriorsofpastepoch:rat_carcass":3,"minecraft:beef":6,"born_in_chaos_v1:gnawed_bones":1,"minecraft:poppy":6,"minecraft:lectern":1,"minecraft:chest":2,"minecraft:furnace":5,"minecraft:raw_iron":88,"minecraft:stick":9,"minecraft:oak_door":4,"minecraft:composter":3,"minecraft:birch_trapdoor":3,"gnumus:juicy_meat":14,"minecraft:torch":12,"minecraft:pointed_dripstone":2,"totemic:tipi":1,"minecraft:redstone":3,"minecraft:arrow":10,"minecraft:rotten_flesh":6,"minecraft:hay_block":15,"minecraft:yellow_terracotta":2,"minecraft:gold_ingot":6,"zesshou_echoes_of_the_forlorn:tainted_tender_potion":1,"sophisticatedbackpacks:copper_backpack":1,"minecraft:mutton":14,"minecraft:obsidian":3,"minecraft:white_wool":11,"minecraft:blaze_powder":3,"minecraft:cobblestone":547,"born_in_chaos_v1:fused_bone":2,"minecraft:birch_log":1,"born_in_chaos_v1:corpse_maggot":2,"born_in_chaos_v1:staffof_magic_arrows":1,"gnumus:gnumus_doubloons":3,"minecraft:mud_bricks":23,"born_in_chaos_v1:spiritual_dust":3,"minecraft:andesite":1,"minecraft:leather":6,"minecraft:smoker":1,"gnumus:gnumus_pouch":2,"minecraft:packed_mud":1,"minecraft:oak_log":114,"minecraft:yellow_glazed_terracotta":4,"minecraft:golden_boots":1,"minecraft:yellow_bed":3,"minecraft:gunpowder":3,"minecraft:cobblestone_stairs":5,"minecraft:dirt":6,"minecraft:lapis_lazuli":21,"radiation_zone:natural_uranium":1,"born_in_chaos_v1:monster_skin":1,"arthropocolypse:ice_crawler_meat":2,"minecraft:bone":11,"minecraft:apple":1,"minecraft:bamboo":8,"minecraft:wheat_seeds":7,"minecraft:raw_gold":6,"adventurez:raw_venison":4,"minecraft:bell":1,"minecraft:grindstone":2,"minecraft:iron_ingot":13,"minecraft:fletching_table":1,"minecraft:glass_bottle":1,"minecraft:oak_planks":82,"born_in_chaos_v1:ethereal_spirit":1,"minecraft:dandelion":1,"minecraft:gravel":6,"born_in_chaos_v1:dark_rod":2,"minecraft:blast_furnace":4,"minecraft:white_bed":6,"minecraft:spider_eye":1,"minecraft:red_terracotta":5,"minecraft:mossy_stone_brick_slab":1,"minecraft:mossy_cobblestone":20,"minecraft:blue_terracotta":5,"born_in_chaos_v1:fire_dust":1,"minecraft:diamond":5,"minecraft:stone_axe":2,"minecraft:granite":3,"minecraft:oak_sapling":8,"minecraft:bricks":6,"minecraft:coal":126},"minecraft:broken":{"minecraft:iron_axe":1,"minecraft:stone_axe":1,"minecraft:iron_pickaxe":2},"minecraft:used":{"stalwart_dungeons:iron_hammer":144,"minecraft:enchanting_table":1,"minecraft:poppy":2,"minecraft:chest":5,"minecraft:shield":49,"minecraft:bell":1,"minecraft:torch":58,"minecraft:brewing_stand":1,"zesshou_echoes_of_the_forlorn:possesed_potion":1,"minecraft:granite":2,"minecraft:wooden_axe":17,"minecraft:iron_axe":375,"minecraft:oak_stairs":1,"born_in_chaos_v1:gnawed_bones":1,"minecraft:mud_bricks":2,"minecraft:birch_trapdoor":3,"minecraft:furnace":7,"minecraft:egg":1,"minecraft:cooked_beef":15,"minecraft:cobbled_deepslate":14,"born_in_chaos_v1:trident_hayfork":19,"minecraft:water_bucket":22,"minecraft:stone_pickaxe":61,"minecraft:wooden_pickaxe":3,"minecraft:fletching_table":2,"minecraft:mossy_cobblestone":14,"minecraft:crafting_table":11,"minecraft:blast_furnace":5,"minecraft:white_bed":9,"zesshou_echoes_of_the_forlorn:tainted_tender_potion":1,"minecraft:smoker":2,"minecraft:oak_log":1,"minecraft:diamond_pickaxe":218,"minecraft:apple":5,"minecraft:iron_pickaxe":501,"minecraft:bread":16,"minecraft:lectern":1,"minecraft:stone_axe":75,"minecraft:cobblestone":474,"minecraft:grindstone":1,"minecraft:bucket":23,"minecraft:yellow_bed":3,"warriorsofpastepoch:rat_carcass":1},"minecraft:crafted":{"minecraft:smooth_stone":1,"minecraft:oak_planks":32,"minecraft:birch_boat":1,"minecraft:furnace":2,"minecraft:blast_furnace":1,"minecraft:stone":6,"minecraft:iron_boots":1,"minecraft:iron_axe":2,"minecraft:stone_pickaxe":1,"minecraft:chest":4,"stalwart_dungeons:iron_hammer":1,"warriorsofpastepoch:forgotten_steel_ingot":4,"minecraft:smoker":1,"minecraft:cooked_beef":18,"minecraft:crafting_table":4,"minecraft:enchanting_table":1,"minecraft:wooden_pickaxe":1,"minecraft:baked_potato":12,"minecraft:iron_helmet":1,"minecraft:fletching_table":1,"minecraft:bucket":1,"minecraft:stone_axe":1,"minecraft:air":0,"minecraft:iron_chestplate":1,"minecraft:diamond_pickaxe":1,"minecraft:charcoal":1,"minecraft:shield":3,"minecraft:raw_gold":36,"minecraft:stick":32,"minecraft:iron_ingot":87,"minecraft:iron_pickaxe":2,"minecraft:wooden_axe":1,"minecraft:iron_leggings":1,"minecraft:gold_ingot":52,"minecraft:white_bed":2,"minecraft:torch":60},"minecraft:dropped":{"minecraft:golden_boots":1,"minecraft:brown_mushroom":1,"minecraft:wheat_seeds":13,"minecraft:lapis_lazuli":21,"minecraft:mossy_cobblestone":1,"minecraft:golden_pickaxe":1,"minecraft:glass_bottle":3,"minecraft:golden_axe":1,"minecraft:yellow_terracotta":2,"minecraft:leather":12,"minecraft:granite":1,"minecraft:cracked_stone_bricks":2,"minecraft:stick":2,"minecraft:packed_mud":1,"minecraft:dirt":4,"gnumus:gnumus_claw":2,"minecraft:wooden_axe":1,"minecraft:yellow_glazed_terracotta":4,"minecraft:chain":1,"gravestone:obituary":5,"minecraft:smooth_stone":2,"minecraft:string":1,"minecraft:white_wool":5,"minecraft:dandelion":1,"minecraft:gravel":6,"minecraft:bricks":6,"minecraft:blue_terracotta":5,"minecraft:stone_axe":2,"minecraft:moss_carpet":1,"minecraft:coarse_dirt":1,"minecraft:raw_copper":2,"minecraft:pointed_dripstone":2,"minecraft:rotten_flesh":6,"minecraft:clay_ball":4,"minecraft:mossy_stone_brick_slab":1,"minecraft:golden_shovel":1,"minecraft:white_bed":1,"minecraft:red_terracotta":5,"minecraft:poppy":4,"minecraft:mud_bricks":21,"minecraft:andesite":1,"born_in_chaos_v1:corpse_maggot":2,"minecraft:oak_sapling":26,"minecraft:chest":1,"minecraft:spider_eye":1,"totemic:tipi":1,"radiation_zone:natural_uranium":1,"minecraft:stone_pickaxe":1,"minecraft:wooden_pickaxe":1,"warriorsofpastepoch:rat_carcass":2,"minecraft:stone_brick_stairs":1},"minecraft:killed":{"arthropocolypse:ice_crawler":1,"graveyard:skeleton_creeper":2,"born_in_chaos_v1:restless_spirit":1,"born_in_chaos_v1:skeleton_demoman":1,"born_in_chaos_v1:siamese_skeletonsright":1,"born_in_chaos_v1:zombie_bruiser":1,"minecraft:skeleton":6,"gnumus:pitcher_mousse":1,"zesshou_echoes_of_the_forlorn:brewer_skeleton":4,"zesshou_echoes_of_the_forlorn:crying_skeleton":1,"born_in_chaos_v1:firelight_not_despawn":1,"zesshou_echoes_of_the_forlorn:deceased_zombie":3,"graveyard:ghoul":1,"gnumus:big_snout":3,"minecraft:iron_golem":2,"minecraft:sheep":11,"adventurez:deer":2,"minecraft:zombie":5,"born_in_chaos_v1:dread_hound":3,"born_in_chaos_v1:corpse_fly":4,"born_in_chaos_v1:dark_vortex":1,"minecraft:villager":2,"born_in_chaos_v1:siamese_skeletonsleft":1,"minecraft:cow":4},"minecraft:mined":{"minecraft:white_bed":5,"minecraft:mossy_cobblestone":20,"minecraft:oak_door":3,"minecraft:deepslate_diamond_ore":5,"minecraft:mossy_stone_brick_slab":1,"minecraft:cobblestone_stairs":5,"minecraft:brewing_stand":1,"minecraft:obsidian":3,"minecraft:granite":2,"gravestone:gravestone":5,"minecraft:grass_block":3,"minecraft:mud_bricks":20,"minecraft:composter":3,"minecraft:cartography_table":1,"minecraft:spawner":1,"minecraft:hay_block":15,"minecraft:oak_trapdoor":4,"minecraft:packed_mud":1,"minecraft:furnace":4,"minecraft:iron_ore":75,"minecraft:fire":1,"minecraft:andesite":1,"minecraft:fletching_table":1,"minecraft:peony":1,"minecraft:gold_block":2,"minecraft:bell":1,"minecraft:deepslate_iron_ore":13,"minecraft:dirt_path":1,"minecraft:oak_stairs":164,"minecraft:bamboo":1,"gnumus:fragile_gnumus_jug":2,"minecraft:stone":353,"minecraft:glass_pane":8,"minecraft:smoker":1,"minecraft:clay":1,"minecraft:crafting_table":7,"minecraft:torch":3,"minecraft:blast_furnace":4,"minecraft:chest":2,"minecraft:lectern":1,"radiation_zone:deepslate_natural_uranium":1,"minecraft:cobblestone":168,"minecraft:deepslate_gold_ore":4,"minecraft:lapis_ore":3,"minecraft:oak_planks":82,"minecraft:grindstone":2,"minecraft:bricks":7,"minecraft:wall_torch":1,"minecraft:red_terracotta":5,"minecraft:coarse_dirt":1,"minecraft:blue_terracotta":2,"minecraft:birch_trapdoor":1,"minecraft:stone_brick_stairs":1,"minecraft:yellow_bed":3,"minecraft:grass":21,"minecraft:coal_ore":77,"minecraft:oak_log":115,"minecraft:cracked_stone_bricks":2,"minecraft:gold_ore":2,"minecraft:deepslate":20,"minecraft:oak_leaves":1,"minecraft:fern":1},"minecraft:killed_by":{"minecraft:player":3,"zesshou_echoes_of_the_forlorn:dreadhoof":1,"zesshou_echoes_of_the_forlorn:tormentor":1}},"DataVersion":3465}