{"stats":{"minecraft:custom":{"minecraft:time_since_rest":4128,"minecraft:interact_with_furnace":12,"minecraft:sprint_one_cm":33573,"minecraft:damage_taken":209,"minecraft:walk_one_cm":68866,"minecraft:damage_blocked_by_shield":150,"minecraft:mob_kills":17,"minecraft:drop":6,"minecraft:damage_dealt":1964,"minecraft:damage_dealt_absorbed":80,"minecraft:interact_with_crafting_table":11,"minecraft:fly_one_cm":72249,"minecraft:open_chest":2,"minecraft:crouch_one_cm":343,"minecraft:play_time":19268,"minecraft:sneak_time":54,"minecraft:walk_under_water_one_cm":66,"minecraft:jump":416,"minecraft:walk_on_water_one_cm":1127,"minecraft:time_since_death":19268,"minecraft:sleep_in_bed":1,"minecraft:interact_with_smoker":6,"minecraft:total_world_time":19268,"minecraft:fall_one_cm":9718},"minecraft:picked_up":{"minecraft:birch_log":1,"minecraft:raw_iron":13,"gnumus:gnumus_doubloons":3,"minecraft:stick":2,"minecraft:crafting_table":3,"minecraft:leather":6,"minecraft:wooden_pickaxe":1,"minecraft:oak_log":12,"totemic:tipi":1,"minecraft:mossy_cobblestone":1,"minecraft:dirt":1,"minecraft:raw_copper":2,"minecraft:arrow":2,"minecraft:stone_axe":1,"minecraft:beef":6,"sophisticatedbackpacks:copper_backpack":1,"minecraft:coal":21,"minecraft:mutton":14,"minecraft:white_wool":11,"minecraft:cobblestone":32,"minecraft:furnace":3},"minecraft:used":{"minecraft:wooden_axe":17,"minecraft:apple":5,"minecraft:stone_pickaxe":61,"minecraft:shield":7,"minecraft:wooden_pickaxe":3,"minecraft:stone_axe":24,"minecraft:cobblestone":9,"minecraft:crafting_table":5,"minecraft:furnace":3,"minecraft:white_bed":2,"minecraft:cooked_beef":1,"minecraft:smoker":1},"minecraft:crafted":{"minecraft:oak_planks":32,"minecraft:charcoal":1,"minecraft:shield":1,"minecraft:crafting_table":2,"minecraft:stick":8,"minecraft:iron_ingot":13,"minecraft:wooden_pickaxe":1,"minecraft:stone_pickaxe":1,"minecraft:wooden_axe":1,"minecraft:furnace":1,"minecraft:white_bed":2,"minecraft:stone_axe":1,"minecraft:cooked_beef":15,"minecraft:air":0,"minecraft:smoker":1},"minecraft:dropped":{"minecraft:stone_axe":1,"minecraft:raw_copper":2,"minecraft:mossy_cobblestone":1,"totemic:tipi":1,"minecraft:wooden_pickaxe":1},"minecraft:killed":{"minecraft:skeleton":1,"minecraft:sheep":11,"gnumus:pitcher_mousse":1,"minecraft:cow":4},"minecraft:mined":{"minecraft:white_bed":1,"minecraft:furnace":2,"minecraft:mossy_cobblestone":1,"minecraft:iron_ore":13,"minecraft:crafting_table":3,"minecraft:grass":2,"minecraft:coal_ore":21,"minecraft:oak_log":12,"minecraft:dirt_path":1,"gnumus:fragile_gnumus_jug":2,"minecraft:stone":27}},"DataVersion":3465}