{"stats":{"minecraft:custom":{"minecraft:interact_with_furnace":15,"minecraft:mob_kills":34,"minecraft:interact_with_crafting_table":17,"minecraft:time_since_death":1403,"minecraft:sleep_in_bed":2,"minecraft:time_since_rest":1427,"minecraft:sprint_one_cm":108629,"minecraft:damage_taken":1167,"minecraft:walk_one_cm":135753,"minecraft:damage_blocked_by_shield":1415,"minecraft:drop":26,"minecraft:damage_dealt":5555,"minecraft:damage_dealt_absorbed":80,"minecraft:fly_one_cm":144562,"minecraft:open_chest":2,"minecraft:crouch_one_cm":1178,"minecraft:play_time":43268,"minecraft:deaths":2,"minecraft:sneak_time":357,"minecraft:walk_under_water_one_cm":66,"minecraft:jump":904,"minecraft:interact_with_blast_furnace":4,"minecraft:walk_on_water_one_cm":1744,"minecraft:total_world_time":43268,"minecraft:interact_with_smoker":8,"minecraft:fall_one_cm":25509},"minecraft:picked_up":{"minecraft:birch_log":1,"born_in_chaos_v1:corpse_maggot":2,"minecraft:crafting_table":6,"gnumus:gnumus_doubloons":3,"minecraft:leather":6,"minecraft:wooden_pickaxe":1,"minecraft:oak_log":12,"minecraft:gunpowder":1,"zesshou_echoes_of_the_forlorn:possesed_potion":1,"minecraft:dirt":2,"minecraft:raw_copper":2,"radiation_zone:natural_uranium":1,"born_in_chaos_v1:monster_skin":1,"minecraft:bone":5,"graveyard:corruption":1,"minecraft:cobbled_deepslate":19,"minecraft:smooth_stone":5,"minecraft:raw_gold":3,"minecraft:iron_ingot":1,"minecraft:beef":6,"born_in_chaos_v1:gnawed_bones":1,"minecraft:glass_bottle":1,"minecraft:furnace":4,"minecraft:stick":2,"minecraft:raw_iron":20,"minecraft:blast_furnace":1,"minecraft:pointed_dripstone":2,"totemic:tipi":1,"minecraft:white_bed":1,"minecraft:redstone":3,"minecraft:mossy_cobblestone":1,"minecraft:rotten_flesh":5,"minecraft:arrow":7,"minecraft:diamond":5,"minecraft:stone_axe":2,"zesshou_echoes_of_the_forlorn:tainted_tender_potion":1,"sophisticatedbackpacks:copper_backpack":1,"minecraft:blaze_powder":3,"minecraft:mutton":14,"minecraft:coal":62,"minecraft:cobblestone":32,"minecraft:white_wool":11},"minecraft:used":{"minecraft:water_bucket":1,"minecraft:stone_pickaxe":61,"minecraft:wooden_pickaxe":3,"minecraft:shield":36,"minecraft:torch":27,"minecraft:crafting_table":9,"minecraft:blast_furnace":1,"zesshou_echoes_of_the_forlorn:possesed_potion":1,"minecraft:white_bed":3,"zesshou_echoes_of_the_forlorn:tainted_tender_potion":1,"minecraft:smoker":1,"minecraft:wooden_axe":17,"minecraft:apple":5,"minecraft:iron_pickaxe":57,"born_in_chaos_v1:gnawed_bones":1,"minecraft:stone_axe":65,"minecraft:cobblestone":9,"minecraft:furnace":4,"minecraft:bucket":2,"minecraft:cooked_beef":7,"minecraft:cobbled_deepslate":11},"minecraft:crafted":{"minecraft:cooked_beef":15,"minecraft:oak_planks":32,"minecraft:crafting_table":3,"minecraft:birch_boat":1,"minecraft:wooden_pickaxe":1,"minecraft:furnace":2,"minecraft:blast_furnace":1,"minecraft:stone":5,"minecraft:bucket":1,"minecraft:stone_axe":1,"minecraft:air":0,"minecraft:iron_chestplate":1,"minecraft:charcoal":1,"minecraft:shield":1,"minecraft:stick":24,"minecraft:iron_ingot":20,"minecraft:stone_pickaxe":1,"minecraft:iron_pickaxe":1,"minecraft:wooden_axe":1,"minecraft:white_bed":2,"minecraft:torch":60,"minecraft:smoker":1},"minecraft:dropped":{"minecraft:stone_axe":2,"minecraft:wheat_seeds":6,"minecraft:glass_bottle":3,"minecraft:raw_copper":2,"minecraft:golden_pickaxe":1,"minecraft:mossy_cobblestone":1,"minecraft:pointed_dripstone":1,"minecraft:golden_axe":1,"minecraft:golden_shovel":1,"minecraft:stick":2,"minecraft:wooden_axe":1,"minecraft:chest":1,"minecraft:oak_sapling":18,"radiation_zone:natural_uranium":1,"gravestone:obituary":2,"totemic:tipi":1,"minecraft:stone_pickaxe":1,"minecraft:wooden_pickaxe":1,"minecraft:smooth_stone":2},"minecraft:killed":{"zesshou_echoes_of_the_forlorn:deceased_zombie":1,"graveyard:ghoul":1,"born_in_chaos_v1:zombie_bruiser":1,"minecraft:sheep":11,"minecraft:skeleton":5,"minecraft:zombie":2,"born_in_chaos_v1:dread_hound":3,"born_in_chaos_v1:corpse_fly":2,"zesshou_echoes_of_the_forlorn:brewer_skeleton":3,"gnumus:pitcher_mousse":1,"minecraft:cow":4},"minecraft:mined":{"minecraft:white_bed":1,"minecraft:mossy_cobblestone":1,"minecraft:deepslate_diamond_ore":5,"minecraft:crafting_table":6,"gravestone:gravestone":2,"minecraft:blast_furnace":1,"minecraft:grass_block":1,"radiation_zone:deepslate_natural_uranium":1,"minecraft:deepslate_gold_ore":3,"minecraft:furnace":3,"minecraft:iron_ore":17,"minecraft:grass":3,"minecraft:deepslate_iron_ore":3,"minecraft:oak_log":12,"minecraft:coal_ore":40,"minecraft:dirt_path":1,"gnumus:fragile_gnumus_jug":2,"minecraft:stone":27,"minecraft:deepslate":20},"minecraft:killed_by":{"minecraft:player":1,"zesshou_echoes_of_the_forlorn:tormentor":1}},"DataVersion":3465}