{"stats":{"minecraft:custom":{"minecraft:interact_with_crafting_table":189,"minecraft:open_barrel":141,"minecraft:bell_ring":1,"minecraft:leave_game":13,"minecraft:time_since_death":630749,"minecraft:damage_blocked_by_shield":8763,"minecraft:play_time":2600763,"minecraft:deaths":28,"minecraft:jump":39796,"minecraft:enchant_item":20,"minecraft:interact_with_furnace":192,"minecraft:traded_with_villager":1845,"minecraft:sleep_in_bed":91,"minecraft:damage_dealt":366918,"minecraft:interact_with_smoker":122,"minecraft:interact_with_smithing_table":4,"minecraft:inspect_dispenser":1,"minecraft:horse_one_cm":2089051,"minecraft:interact_with_anvil":45,"minecraft:damage_dealt_absorbed":80,"minecraft:sneak_time":90535,"minecraft:interact_with_blast_furnace":179,"minecraft:total_world_time":2600763,"minecraft:interact_with_stonecutter":40,"minecraft:time_since_rest":161600,"minecraft:swim_one_cm":569388,"minecraft:fly_one_cm":9602465,"minecraft:open_chest":2114,"minecraft:fall_one_cm":890760,"minecraft:animals_bred":2,"minecraft:damage_resisted":626,"minecraft:sprint_one_cm":6251017,"minecraft:drop":1257,"minecraft:talked_to_villager":549,"minecraft:interact_with_brewingstand":12,"minecraft:walk_on_water_one_cm":223372,"minecraft:interact_with_beacon":1,"minecraft:player_kills":2,"minecraft:crouch_one_cm":286921,"minecraft:mob_kills":1233,"minecraft:damage_dealt_resisted":12510,"minecraft:climb_one_cm":151209,"minecraft:walk_one_cm":7678705,"minecraft:raid_win":1,"minecraft:walk_under_water_one_cm":336287,"minecraft:boat_one_cm":2155972,"minecraft:raid_trigger":1,"minecraft:interact_with_grindstone":7,"minecraft:damage_absorbed":654,"minecraft:damage_taken":44763,"minecraft:trigger_trapped_chest":4},"minecraft:picked_up":{"minecraft:seagrass":4,"alexscaves:waste_drum":2,"minecraft:anvil":1,"minecraft:flower_pot":8,"minecraft:lead":1,"minecraft:diamond_sword":2,"minecraft:oak_stairs":660,"minecraft:brown_bed":2,"minecraft:enchanted_book":7,"cataclysm:abyss_eye":2,"minecraft:brewing_stand":1,"minecraft:string":152,"zesshou_echoes_of_the_forlorn:possesed_potion":5,"minecraft:music_disc_cat":1,"minecraft:soul_soil":24,"minecraft:explorer_pottery_sherd":3,"upgrade_aquatic:river_sapling":2,"minecraft:pufferfish":7,"minecraft:beetroot":3,"illagerinvasion:platinum_infused_hatchet":2,"minecraft:cobbled_deepslate":2436,"minecraft:gold_nugget":29,"upgrade_aquatic:river_log":4,"zesshou_echoes_of_the_forlorn:marked_potion":2,"warriorsofpastepoch:rat_carcass":8,"alexscaves:cinder_block":4,"minecraft:enchanted_golden_apple":2,"herbology:might_blossom_seed":8,"upgrade_aquatic:mulberry":3,"minecraft:mangrove_log":4,"minecraft:polished_blackstone_stairs":1,"born_in_chaos_v1:shattered_skull":10,"minecraft:composter":5,"minecraft:acacia_log":10,"cataclysm:kobolediator_skull":4,"minecraft:sandstone_wall":6,"minecraft:golden_axe":1,"born_in_chaos_v1:black_argillite_brick_stairs":2,"cataclysm:music_disc_ancient_remnant":1,"minecraft:deepslate_tile_stairs":4,"aquamirae:esca":1,"minecraft:yellow_banner":4,"gnumus:wrapper_with_goods":7,"gnumus:vintage_metal":8,"minecraft:iron_block":212,"minecraft:red_tulip":1,"zesshou_echoes_of_the_forlorn:tainted_tender_potion":3,"minecraft:white_terracotta":176,"minecraft:blaze_rod":29,"minecraft:snowball":31,"minecraft:iron_bars":2,"minecraft:birch_log":315,"born_in_chaos_v1:staffof_magic_arrows":2,"minecraft:magma_block":59,"minecraft:feather":8,"minecraft:cooked_beef":4,"zesshou_echoes_of_the_forlorn:predominant_tooth":67,"minecraft:water_bucket":1,"born_in_chaos_v1:spiritual_dust":33,"minecraft:jungle_log":1722,"minecraft:dark_oak_boat":21,"upgrade_aquatic:disc_fragment_atlantis":3,"minecraft:smoker":1,"minecraft:flint":54,"upgrade_aquatic:flowering_rush":4,"born_in_chaos_v1:black_argillite_button":3,"warriorsofpastepoch:forgotten_steel_nugget":3,"minecraft:lantern":2,"minecraft:disc_fragment_5":1,"aquamirae:fin":4,"cataclysm:koboleton_bone":74,"gnumus:gnumus_pouch_2":20,"stalwart_dungeons:blaze_armor_scrap":1,"born_in_chaos_v1:marigolds":6,"zesshou_echoes_of_the_forlorn:tenebrium":12,"minecraft:rabbit":3,"aether:book_of_lore":1,"minecraft:glowstone_dust":9,"minecraft:moss_block":7,"zesshou_echoes_of_the_forlorn:derelictus_scythe":1,"warriorsofpastepoch:anti_plague_serum":1,"aquamirae:anglers_fang":1,"minecraft:stripped_spruce_log":1,"minecraft:ink_sac":2,"minecraft:red_terracotta":5,"minecraft:dark_oak_log":3965,"minecraft:barrel":1,"naturalist:duck_egg":4,"arthropocolypse:gilded_organ":1,"man:tearoftheman":8,"minecraft:polished_andesite":1,"minecraft:blue_terracotta":5,"minecraft:deepslate":39,"cataclysm:sandstone_falling_trap":2,"minecraft:granite":10,"zesshou_echoes_of_the_forlorn:bone_of_torment":126,"minecraft:bread":3,"minecraft:plenty_pottery_sherd":5,"born_in_chaos_v1:rotten_fish":6,"minecraft:dark_oak_fence":13,"minecraft:bricks":8,"minecraft:crimson_roots":7,"minecraft:diamond_pickaxe":8,"sophisticatedbackpacks:gold_backpack":1,"minecraft:crafting_table":17,"minecraft:coarse_dirt":1,"minecraft:nether_wart":4,"minecraft:clay_ball":53,"born_in_chaos_v1:seedof_chaos":32,"born_in_chaos_v1:charmof_resistance":1,"minecraft:mourner_pottery_sherd":4,"gravestone:obituary":19,"zesshou_echoes_of_the_forlorn:cursed_potion":7,"minecraft:flint_and_steel":1,"born_in_chaos_v1:intoxicating_decoction":1,"warriorsofpastepoch:plague_serum_black_death":1,"minecraft:cracked_stone_bricks":3,"minecraft:cartography_table":1,"minecraft:beef":10,"born_in_chaos_v1:gnawed_bones":3,"minecraft:jungle_sapling":96,"minecraft:iron_nugget":29,"minecraft:poppy":13,"cataclysm:necklace_of_the_desert":4,"minecraft:chest":39,"minecraft:birch_sapling":163,"minecraft:diamond_hoe":3,"minecraft:copper_ore":69,"alexscaves:radrock_bricks":3,"minecraft:sandstone":10,"minecraft:polished_deepslate_slab":1,"minecraft:stone":6695,"minecraft:raw_gold_block":6,"minecraft:oak_door":32,"zesshou_echoes_of_the_forlorn:dread_leather":22,"gnumus:juicy_meat":22,"sophisticatedbackpacks:backpack":2,"minecraft:carrot":475,"born_in_chaos_v1:pieceofdarkmetal":118,"minecraft:redstone":104,"minecraft:tnt":9,"born_in_chaos_v1:charmof_fury":2,"herbology:vital_cactus_seed":1,"minecraft:cooked_cod":3,"minecraft:beetroot_seeds":9,"minecraft:decorated_pot":6,"arthropocolypse:gilded_scale":60,"minecraft:diamond_boots":1,"minecraft:shears":1,"minecraft:deepslate_bricks":216,"minecraft:hay_block":32,"minecraft:yellow_terracotta":2,"born_in_chaos_v1:spiny_shell":13,"minecraft:gold_ingot":14,"minecraft:totem_of_undying":4,"sophisticatedbackpacks:copper_backpack":3,"gnumus:mouse_skin":36,"minecraft:mutton":17,"minecraft:white_wool":11,"minecraft:oxeye_daisy":1,"minecraft:stripped_oak_log":72,"minecraft:mud_bricks":23,"born_in_chaos_v1:monster_flesh":12,"minecraft:tripwire_hook":2,"minecraft:blackstone_slab":1,"minecraft:red_mushroom":5,"gnumus:gnumus_pouch":24,"warriorsofpastepoch:azure_fabric":1,"minecraft:packed_mud":1,"minecraft:oak_log":1669,"minecraft:lily_pad":2,"minecraft:ancient_debris":23,"minecraft:golden_boots":1,"alexscaves:charred_remnant":1,"born_in_chaos_v1:dark_metal_armor_leggings":1,"minecraft:paper":69,"minecraft:white_banner":2,"arthropocolypse:ice_crawler_meat":2,"minecraft:apple":113,"minecraft:stone_bricks":791,"minecraft:kelp":46,"born_in_chaos_v1:smoked_flesh":23,"minecraft:oak_fence_gate":2,"minecraft:iron_ore":1,"minecraft:cobweb":18,"minecraft:blade_pottery_sherd":7,"minecraft:glass_bottle":5,"born_in_chaos_v1:dark_metal_armor_boots":1,"minecraft:white_stained_glass_pane":1,"minecraft:milk_bucket":1,"minecraft:sweet_berries":17,"minecraft:sculk":8,"born_in_chaos_v1:orbofthe_summoner":7,"born_in_chaos_v1:ethereal_spirit":37,"minecraft:spyglass":1,"minecraft:gravel":303,"gnumus:gnumus_cheese":8,"minecraft:spruce_log":2,"cataclysm:ancient_metal_block":1,"minecraft:leather_helmet":1,"minecraft:diamond_shovel":1,"warriorsofpastepoch:musket_ammo":62,"minecraft:coal_ore":91,"minecraft:slime_ball":1,"aether:golden_ring":1,"minecraft:stone_axe":2,"herbology:mighty_blossom":6,"zesshou_echoes_of_the_forlorn:sovereign_seed":20,"minecraft:diamond_axe":2,"minecraft:warped_roots":6,"alexscaves:cave_map":1,"mowziesmobs:umvuthana_mask_fear":1,"minecraft:baked_potato":35,"minecraft:smooth_quartz_slab":1,"minecraft:ender_pearl":12,"minecraft:wheat":51,"cataclysm:monstrous_horn":1,"illagerinvasion:platinum_chunk":15,"gnumus:gnumus_claw":33,"alexscaves:cave_tablet":8,"minecraft:potion":5,"minecraft:stone_brick_stairs":4,"warriorsofpastepoch:moldy_cheese":1,"minecraft:raw_copper":11,"aether:diamond_gloves":1,"minecraft:smooth_stone_slab":15,"minecraft:experience_bottle":8,"minecraft:oak_sign":6,"minecraft:deepslate_tiles":6,"minecraft:smooth_stone":21,"gnumus:packaged_goods":32,"minecraft:rose_bush":1,"minecraft:cobblestone_slab":8,"born_in_chaos_v1:stimulating_decoction":5,"minecraft:furnace":14,"minecraft:tipped_arrow":13,"minecraft:stick":885,"born_in_chaos_v1:armor_plate_from_dark_metal":4,"minecraft:deepslate_brick_wall":2,"minecraft:birch_trapdoor":4,"minecraft:oak_fence":119,"cataclysm:chiseled_stone_brick_pillar":3,"minecraft:torch":124,"minecraft:porkchop":26,"alexscaves:nuclear_bomb":1,"minecraft:pointed_dripstone":8,"minecraft:diorite":68,"born_in_chaos_v1:nightmare_claw":6,"gnumus:grilled_juicy_meat":8,"herbology:hustle_berry":37,"minecraft:nether_gold_ore":10,"minecraft:cactus":43,"born_in_chaos_v1:elixir_of_vampirism":1,"minecraft:rotten_flesh":307,"gnumus:gnumus_chickpeas":25,"minecraft:deepslate_brick_stairs":37,"minecraft:obsidian":66,"adventurez:orc_skin":22,"minecraft:cod":21,"minecraft:cobblestone":3196,"minecraft:blaze_powder":16,"minecraft:nautilus_shell":3,"minecraft:enchanting_table":2,"gnumus:gnumus_doubloons":38,"minecraft:magma_cream":9,"minecraft:andesite":143,"gnumus:overripe_carrot":54,"minecraft:beacon":2,"minecraft:potato":651,"born_in_chaos_v1:dark_metal_armor_chestplate":1,"minecraft:tuff":77,"minecraft:smooth_sandstone_stairs":4,"herbology:vital_cactus":1,"minecraft:wither_skeleton_skull":7,"radiation_zone:decaying_stone":1,"minecraft:lapis_lazuli":148,"minecraft:dirt":6011,"minecraft:cut_sandstone_slab":4,"minecraft:name_tag":2,"born_in_chaos_v1:monster_skin":19,"minecraft:bone":369,"minecraft:bow":15,"alexscaves:toxic_paste":6,"minecraft:wheat_seeds":299,"minecraft:orange_tulip":1,"stalwart_dungeons:iron_hammer":1,"adventurez:raw_venison":4,"minecraft:raw_gold":60,"minecraft:bell":1,"minecraft:birch_wood":23,"minecraft:grindstone":2,"minecraft:bamboo":66,"minecraft:fletching_table":2,"alexscaves:radrock_uranium_ore":22,"minecraft:oak_planks":389,"minecraft:mossy_stone_brick_stairs":1,"minecraft:cooked_porkchop":26,"minecraft:oak_pressure_plate":1,"minecraft:poisonous_potato":4,"minecraft:polished_blackstone_slab":4,"minecraft:jungle_planks":8,"minecraft:sand":207,"minecraft:grass_block":4,"minecraft:chiseled_sandstone":4,"minecraft:mossy_cobblestone":142,"warriorsofpastepoch:forgotten_steel":10,"born_in_chaos_v1:fire_dust":12,"gnumus:vintage_parts":3,"minecraft:diamond":59,"gnumus:gnumus_clay":106,"minecraft:soul_lantern":9,"minecraft:cracked_polished_blackstone_bricks":7,"herbology:ember_leaf_seed":2,"minecraft:crossbow":5,"minecraft:bone_meal":2,"cataclysm:ancient_metal_nugget":29,"minecraft:emerald":160,"minecraft:oak_sapling":763,"minecraft:netherrack":1993,"minecraft:andesite_slab":1,"minecraft:nether_star":1,"minecraft:fishing_rod":1,"minecraft:cocoa_beans":7,"minecraft:allium":8,"minecraft:azure_bluet":2,"minecraft:ladder":19,"born_in_chaos_v1:river_mint":26,"minecraft:turtle_helmet":1,"minecraft:brown_mushroom":3,"minecraft:wooden_pickaxe":1,"mowziesmobs:glowing_jelly":4,"minecraft:cooked_rabbit":9,"minecraft:gold_block":7,"minecraft:diamond_horse_armor":1,"minecraft:chain":8,"minecraft:shield":4,"aether:leather_gloves":2,"minecraft:oak_trapdoor":26,"minecraft:moss_carpet":4,"warriorsofpastepoch:cistus":27,"minecraft:iron_axe":9,"minecraft:blackstone":56,"takesapillage:ravager_horn":1,"graveyard:corruption":4,"minecraft:candle":2,"minecraft:echo_shard":3,"minecraft:light_gray_wool":1,"minecraft:lectern":162,"minecraft:sugar_cane":3,"herbology:salt_block":36,"minecraft:dark_oak_sapling":585,"minecraft:raw_iron":1560,"born_in_chaos_v1:dark_metal_armor_helmet":1,"minecraft:copper_ingot":3,"arthropocolypse:scarab":10,"minecraft:polished_blackstone_bricks":55,"totemic:tipi":1,"born_in_chaos_v1:charmof_endurance":1,"minecraft:stone_pressure_plate":1,"minecraft:dark_oak_planks":24,"minecraft:smooth_sandstone_slab":1,"minecraft:arrow":131,"minecraft:nether_bricks":98,"alexscaves:spelunkery_table":1,"minecraft:saddle":1,"minecraft:ward_armor_trim_smithing_template":1,"gnumus:gnumus_pouch_3":3,"minecraft:brick_stairs":1,"born_in_chaos_v1:trident_hayfork":4,"born_in_chaos_v1:fused_bone":16,"born_in_chaos_v1:corpse_maggot":38,"herbology:hustle_berry_seed":36,"minecraft:basalt":21,"minecraft:salmon":1,"minecraft:golden_carrot":6,"minecraft:glow_ink_sac":1,"minecraft:cut_sandstone":17,"minecraft:leather":39,"minecraft:birch_planks":2,"minecraft:yellow_glazed_terracotta":4,"minecraft:wooden_hoe":5,"minecraft:cobblestone_wall":8,"minecraft:yellow_bed":7,"minecraft:gunpowder":99,"minecraft:cobblestone_stairs":38,"minecraft:deepslate_tile_slab":26,"radiation_zone:natural_uranium":7,"minecraft:orange_terracotta":1,"minecraft:smooth_sandstone":19,"minecraft:red_carpet":4,"cataclysm:infernal_forge":4,"gnumus:gnumus_horn":4,"cataclysm:sandstorm_in_a_bottle":1,"minecraft:iron_ingot":60,"alexscaves:radrock":49,"minecraft:cooked_chicken":2,"minecraft:polished_andesite_slab":2,"minecraft:soul_sand":119,"minecraft:acacia_sapling":1,"minecraft:book":209,"minecraft:sculk_catalyst":3,"minecraft:brush":2,"minecraft:oak_slab":3,"minecraft:pumpkin":1,"minecraft:nether_quartz_ore":7,"born_in_chaos_v1:death_totem":3,"minecraft:chiseled_stone_bricks":2,"warriorsofpastepoch:batwing":1,"zesshou_echoes_of_the_forlorn:elderflame_potion":3,"herbology:ember_leaf":4,"alexscaves:fissile_core":9,"born_in_chaos_v1:lifestealer_bone":9,"minecraft:stone_brick_slab":7,"minecraft:quartz":24,"minecraft:dandelion":25,"minecraft:raw_iron_block":1,"minecraft:dripstone_block":26,"mowziesmobs:wrought_helmet":1,"born_in_chaos_v1:dark_rod":7,"minecraft:blast_furnace":4,"minecraft:amethyst_shard":4,"minecraft:soul_torch":25,"cataclysm:remnant_skull":1,"minecraft:white_bed":9,"minecraft:mossy_stone_brick_slab":5,"minecraft:spider_eye":74,"mowziesmobs:naga_fang":4,"minecraft:sculk_sensor":3,"cataclysm:ancient_metal_ingot":28,"upgrade_aquatic:predator_pottery_sherd":2,"minecraft:damaged_anvil":1,"minecraft:coal":1179},"minecraft:broken":{"minecraft:diamond_helmet":2,"minecraft:iron_boots":2,"minecraft:iron_chestplate":1,"minecraft:iron_leggings":2,"minecraft:diamond_leggings":1,"minecraft:shield":2,"minecraft:brush":1,"minecraft:iron_axe":3,"minecraft:iron_pickaxe":2,"minecraft:iron_helmet":3,"minecraft:diamond_boots":2,"minecraft:stone_axe":1,"minecraft:flint_and_steel":1,"minecraft:diamond_axe":4},"minecraft:used":{"born_in_chaos_v1:dark_metal_armor_helmet":1,"minecraft:smooth_quartz_slab":1,"sophisticatedbackpacks:copper_backpack":1,"minecraft:ladder":32,"minecraft:poppy":4,"minecraft:chest":277,"minecraft:stone":480,"herbology:hustle_berry":35,"minecraft:soul_sand":10,"cataclysm:infernal_forge":15,"born_in_chaos_v1:smoked_flesh":23,"minecraft:jungle_sapling":24,"minecraft:lava_bucket":10,"minecraft:grass_block":3,"born_in_chaos_v1:elixir_of_vampirism":1,"minecraft:dark_oak_boat":21,"minecraft:cooked_cod":3,"minecraft:furnace":18,"minecraft:egg":1,"minecraft:potato":200,"minecraft:deepslate_brick_wall":98,"minecraft:damaged_anvil":1,"minecraft:diorite":14,"upgrade_aquatic:mulberry":2,"warriorsofpastepoch:anti_plague_serum":1,"minecraft:blackstone":16,"minecraft:wooden_pickaxe":3,"naturalist:duck_egg":5,"minecraft:golden_apple":22,"herbology:vital_cactus":1,"minecraft:sand":48,"minecraft:blast_furnace":15,"minecraft:deepslate_brick_stairs":85,"minecraft:deepslate_tiles":382,"born_in_chaos_v1:staffof_magic_arrows":1,"minecraft:lectern":170,"warriorsofpastepoch:moldy_cheese":1,"minecraft:soul_lantern":9,"minecraft:diamond_sword":3437,"zesshou_echoes_of_the_forlorn:elderflame_potion":1,"minecraft:enchanting_table":3,"minecraft:netherrack":1111,"minecraft:anvil":2,"minecraft:torch":299,"minecraft:brewing_stand":1,"minecraft:iron_axe":1228,"minecraft:iron_block":185,"minecraft:jungle_log":16,"minecraft:mud_bricks":2,"minecraft:diamond_chestplate":1,"minecraft:basalt":7,"minecraft:beef":1,"minecraft:cobbled_deepslate":127,"minecraft:water_bucket":430,"minecraft:fletching_table":9,"minecraft:deepslate_bricks":1348,"minecraft:polished_blackstone_bricks":6,"minecraft:salmon":1,"minecraft:polished_deepslate_slab":1,"minecraft:mossy_cobblestone":15,"minecraft:crafting_table":49,"minecraft:white_bed":17,"zesshou_echoes_of_the_forlorn:tainted_tender_potion":1,"minecraft:oak_log":1,"minecraft:diamond_shovel":6076,"minecraft:diamond_pickaxe":18628,"minecraft:iron_pickaxe":501,"minecraft:cobblestone":1143,"minecraft:potion":4,"minecraft:cooked_porkchop":26,"minecraft:brush":127,"alexscaves:nuclear_bomb":1,"alexscaves:radrock":9,"minecraft:diamond_leggings":2,"radiation_zone:decaying_stone":5,"zesshou_echoes_of_the_forlorn:derelictus_scythe":313,"stalwart_dungeons:iron_hammer":144,"minecraft:iron_shovel":134,"minecraft:oak_sign":2,"minecraft:diamond_hoe":20,"minecraft:decorated_pot":2,"minecraft:shield":182,"minecraft:nether_wart":6,"minecraft:bell":1,"minecraft:sculk_sensor":1,"herbology:hustle_berry_seed":2,"minecraft:jungle_planks":55,"minecraft:nether_bricks":36,"minecraft:carrot":322,"minecraft:deepslate_tile_slab":315,"zesshou_echoes_of_the_forlorn:possesed_potion":2,"minecraft:obsidian":60,"minecraft:milk_bucket":3,"minecraft:glass":46,"minecraft:coal_ore":88,"minecraft:lantern":42,"minecraft:iron_helmet":1,"born_in_chaos_v1:gnawed_bones":1,"minecraft:stone_bricks":6410,"minecraft:birch_trapdoor":3,"minecraft:dark_oak_sapling":420,"cataclysm:kobolediator_skull":1,"minecraft:diamond_boots":1,"minecraft:wither_skeleton_skull":7,"minecraft:stone_pickaxe":61,"minecraft:ender_pearl":11,"minecraft:diamond_axe":8355,"cataclysm:chiseled_stone_brick_pillar":3,"sophisticatedbackpacks:backpack":1,"minecraft:string":2,"minecraft:bread":78,"minecraft:dark_oak_log":302,"born_in_chaos_v1:marigolds":1,"minecraft:gravel":119,"minecraft:grindstone":1,"minecraft:cooked_rabbit":9,"minecraft:andesite":1,"minecraft:tropical_fish_bucket":2,"minecraft:bone_meal":960,"minecraft:experience_bottle":128,"minecraft:netherite_sword":5,"minecraft:flint_and_steel":109,"minecraft:sculk":8,"minecraft:cooked_chicken":2,"minecraft:dirt":4742,"minecraft:diamond_helmet":3,"cataclysm:sandstone_falling_trap":2,"minecraft:granite":4,"mowziesmobs:wrought_helmet":1,"minecraft:wooden_axe":17,"minecraft:bookshelf":18,"minecraft:oak_stairs":2,"minecraft:smooth_sandstone":10,"cataclysm:abyss_eye":2,"minecraft:golden_carrot":77,"minecraft:soul_soil":4,"minecraft:deepslate_tile_stairs":42,"minecraft:white_stained_glass_pane":17,"minecraft:cooked_beef":22,"cataclysm:remnant_skull":1,"minecraft:brown_bed":2,"born_in_chaos_v1:trident_hayfork":470,"minecraft:cooked_mutton":8,"minecraft:glass_bottle":1,"minecraft:baked_potato":484,"minecraft:beacon":2,"minecraft:stonecutter":1,"born_in_chaos_v1:stimulating_decoction":1,"minecraft:dark_oak_door":2,"minecraft:smoker":12,"minecraft:wooden_hoe":2,"minecraft:apple":38,"zesshou_echoes_of_the_forlorn:marked_potion":2,"minecraft:stone_axe":75,"minecraft:end_crystal":8,"minecraft:bucket":443,"minecraft:yellow_bed":7,"warriorsofpastepoch:rat_carcass":1},"minecraft:crafted":{"minecraft:smooth_stone":45,"minecraft:chainmail_helmet":5,"minecraft:birch_boat":1,"zesshou_echoes_of_the_forlorn:derelictus_scythe":1,"minecraft:diamond_shovel":1,"minecraft:bookshelf":27,"patchouli:guide_book":1,"minecraft:cooked_mutton":8,"minecraft:deepslate_brick_stairs":6,"minecraft:glass":56,"minecraft:diamond_helmet":4,"minecraft:diamond_leggings":4,"minecraft:netherite_boots":1,"sophisticatedbackpacks:tank_upgrade":2,"minecraft:beacon":1,"aether:diamond_gloves":1,"minecraft:deepslate":49,"minecraft:emerald":2186,"minecraft:diamond_axe":4,"minecraft:copper_ingot":55,"minecraft:sticky_piston":1,"minecraft:fletching_table":7,"minecraft:lectern":9,"cataclysm:abyss_eye":1,"minecraft:iron_pickaxe":2,"born_in_chaos_v1:smoked_flesh":26,"minecraft:iron_block":175,"minecraft:gold_ingot":101,"minecraft:netherite_ingot":8,"minecraft:golden_carrot":55,"minecraft:jukebox":1,"minecraft:iron_nugget":486,"sophisticatedbackpacks:stack_upgrade_tier_1":1,"minecraft:soul_torch":76,"sophisticatedbackpacks:jukebox_upgrade":1,"minecraft:bone_meal":963,"sophisticatedbackpacks:advanced_pump_upgrade":1,"minecraft:lantern":45,"born_in_chaos_v1:dark_metal_armor_leggings":1,"minecraft:deepslate_brick_wall":20,"minecraft:ladder":48,"minecraft:stone_pickaxe":1,"minecraft:diamond_boots":4,"minecraft:dark_oak_planks":14140,"minecraft:wheat":297,"minecraft:enchanting_table":1,"sophisticatedbackpacks:gold_backpack":1,"minecraft:white_stained_glass":8,"minecraft:enchanted_book":49,"minecraft:soul_lantern":19,"minecraft:golden_apple":19,"adventurez:ender_flute":1,"minecraft:wooden_axe":1,"minecraft:iron_shovel":1,"minecraft:iron_leggings":2,"minecraft:white_bed":7,"born_in_chaos_v1:dark_metal_armor_boots":1,"minecraft:oak_planks":5372,"minecraft:dark_oak_boat":3,"minecraft:stone":416,"aether:golden_ring":3,"minecraft:dark_oak_door":3,"minecraft:bow":26,"minecraft:iron_boots":2,"minecraft:chest":270,"minecraft:netherite_helmet":1,"stalwart_dungeons:iron_hammer":1,"minecraft:netherite_upgrade_smithing_template":4,"minecraft:ender_eye":3,"minecraft:stone_bricks":5477,"minecraft:smoker":11,"minecraft:oak_slab":24,"minecraft:arrow":1888,"born_in_chaos_v1:dark_metal_armor_chestplate":1,"minecraft:crafting_table":44,"minecraft:wooden_pickaxe":1,"minecraft:iron_helmet":2,"minecraft:baked_potato":486,"minecraft:brush":1,"minecraft:birch_planks":1024,"minecraft:white_stained_glass_pane":16,"sophisticatedbackpacks:upgrade_base":5,"minecraft:dispenser":1,"minecraft:dark_oak_slab":12,"minecraft:emerald_block":130,"sophisticatedbackpacks:xp_pump_upgrade":1,"minecraft:iron_chestplate":2,"minecraft:diamond_pickaxe":3,"minecraft:charcoal":1,"minecraft:shield":5,"sophisticatedbackpacks:diamond_backpack":1,"minecraft:stick":49924,"minecraft:iron_ingot":1755,"zesshou_echoes_of_the_forlorn:derelictus_ingot":1,"minecraft:deepslate_tile_slab":2,"minecraft:raw_iron":9,"minecraft:furnace":41,"minecraft:blast_furnace":11,"minecraft:piston":2,"minecraft:glass_pane":16,"minecraft:flint_and_steel":2,"minecraft:netherite_chestplate":1,"minecraft:netherite_leggings":1,"minecraft:iron_axe":5,"warriorsofpastepoch:forgotten_steel_ingot":9,"born_in_chaos_v1:trident_hayfork":1,"minecraft:netherite_scrap":24,"minecraft:cooked_beef":18,"minecraft:diamond_sword":4,"minecraft:bucket":4,"born_in_chaos_v1:dark_metal_armor_helmet":1,"minecraft:stone_axe":1,"minecraft:bread":99,"minecraft:air":0,"minecraft:jungle_planks":6848,"sophisticatedbackpacks:pump_upgrade":1,"minecraft:gold_nugget":459,"minecraft:white_dye":3,"minecraft:raw_gold":45,"minecraft:stonecutter":1,"minecraft:anvil":1,"minecraft:acacia_planks":36,"minecraft:torch":192,"minecraft:diamond_chestplate":3},"minecraft:dropped":{"minecraft:porkchop":2,"minecraft:lapis_lazuli":57,"minecraft:oak_pressure_plate":1,"gnumus:overripe_carrot":7,"minecraft:glass_bottle":10,"minecraft:crossbow":5,"minecraft:orange_tulip":2,"minecraft:warped_roots":6,"minecraft:cracked_stone_bricks":3,"minecraft:saddle":1,"born_in_chaos_v1:nightmare_claw":2,"minecraft:cut_sandstone_slab":3,"minecraft:leather_helmet":1,"minecraft:emerald":8,"minecraft:gold_block":1,"born_in_chaos_v1:monster_flesh":2,"minecraft:packed_mud":1,"minecraft:dirt":33,"warriorsofpastepoch:cistus":12,"gnumus:gnumus_claw":15,"minecraft:dark_oak_fence":13,"minecraft:chain":7,"minecraft:jungle_sapling":52,"minecraft:gold_nugget":3,"born_in_chaos_v1:trident_hayfork":2,"minecraft:bone_meal":2,"minecraft:sand":7,"minecraft:dark_oak_planks":2,"minecraft:dark_oak_boat":2,"minecraft:white_wool":5,"minecraft:bone":63,"minecraft:oak_door":8,"minecraft:dark_oak_door":1,"minecraft:stone_axe":2,"minecraft:sugar_cane":1,"minecraft:cobbled_deepslate":15,"aether:golden_gloves":1,"minecraft:birch_sapling":114,"minecraft:wheat":9,"minecraft:rotten_flesh":199,"minecraft:birch_wood":23,"minecraft:enchanted_golden_apple":2,"minecraft:oak_planks":7,"herbology:hustle_berry":1,"warriorsofpastepoch:musket_ammo":124,"minecraft:glowstone_dust":1,"minecraft:blaze_powder":4,"born_in_chaos_v1:dark_metal_armor_boots":1,"minecraft:golden_shovel":1,"minecraft:azure_bluet":1,"minecraft:white_bed":1,"warriorsofpastepoch:azure_fabric":2,"minecraft:acacia_sapling":1,"minecraft:ladder":3,"minecraft:yellow_banner":4,"gnumus:gnumus_pouch":4,"minecraft:white_dye":2,"born_in_chaos_v1:dark_metal_armor_helmet":1,"cataclysm:infernal_forge":3,"minecraft:stone_brick_stairs":2,"minecraft:enchanted_book":2,"minecraft:golden_boots":1,"minecraft:iron_ingot":27,"minecraft:wheat_seeds":145,"herbology:vital_cactus_seed":1,"minecraft:dripstone_block":17,"minecraft:yellow_terracotta":2,"minecraft:feather":4,"minecraft:cobblestone":1208,"minecraft:apple":11,"warriorsofpastepoch:forgotten_steel_nugget":3,"minecraft:granite":6,"minecraft:coal":8,"minecraft:golden_apple":5,"born_in_chaos_v1:gnawed_bones":2,"minecraft:golden_carrot":3,"minecraft:ink_sac":2,"minecraft:wooden_hoe":5,"minecraft:wooden_axe":1,"minecraft:rose_bush":1,"minecraft:rabbit":3,"gnumus:gnumus_pouch_3":1,"minecraft:yellow_glazed_terracotta":4,"minecraft:potion":1,"minecraft:diamond_helmet":1,"alexscaves:toxic_paste":3,"minecraft:oak_stairs":64,"zesshou_echoes_of_the_forlorn:predominant_tooth":2,"minecraft:pumpkin":1,"minecraft:white_banner":2,"herbology:mighty_blossom":1,"minecraft:smooth_stone":2,"minecraft:paper":41,"minecraft:string":19,"minecraft:lily_pad":1,"minecraft:stone_brick_slab":7,"minecraft:bricks":6,"zesshou_echoes_of_the_forlorn:tenebrium":1,"minecraft:moss_carpet":3,"minecraft:soul_soil":20,"minecraft:cocoa_beans":7,"zesshou_echoes_of_the_forlorn:derelictus_scythe":1,"gnumus:vintage_metal":2,"minecraft:diamond_hoe":2,"born_in_chaos_v1:rotten_fish":5,"minecraft:clay_ball":11,"sophisticatedbackpacks:backpack":1,"upgrade_aquatic:flowering_rush":4,"herbology:salt_block":4,"minecraft:oak_sign":4,"minecraft:shears":2,"minecraft:hay_block":1,"minecraft:diamond_sword":1,"cataclysm:abyss_eye":1,"minecraft:potato":1,"minecraft:cobblestone_slab":5,"minecraft:stone":71,"aquamirae:fin":1,"minecraft:flower_pot":8,"minecraft:allium":3,"adventurez:orc_skin":13,"minecraft:diamond_pickaxe":8,"minecraft:stone_pressure_plate":1,"minecraft:spider_eye":19,"minecraft:stone_bricks":1,"minecraft:bamboo":2,"born_in_chaos_v1:dark_metal_armor_leggings":1,"minecraft:sandstone":10,"minecraft:bow":9,"minecraft:red_tulip":1,"minecraft:magma_block":52,"minecraft:candle":2,"minecraft:moss_block":1,"minecraft:brown_mushroom":2,"minecraft:birch_planks":2,"sophisticatedbackpacks:stack_upgrade_tier_1":1,"minecraft:oak_log":12,"minecraft:baked_potato":49,"minecraft:golden_pickaxe":1,"minecraft:ender_pearl":1,"minecraft:dark_oak_sapling":47,"minecraft:decorated_pot":4,"minecraft:leather":18,"minecraft:flint":2,"minecraft:cod":21,"mowziesmobs:naga_fang":1,"minecraft:cobblestone_stairs":1,"minecraft:dark_oak_log":5,"minecraft:brush":2,"born_in_chaos_v1:dark_metal_armor_chestplate":1,"born_in_chaos_v1:monster_skin":9,"minecraft:crimson_roots":5,"minecraft:cut_sandstone":17,"minecraft:seagrass":2,"minecraft:snowball":31,"gravestone:obituary":44,"alexscaves:fissile_core":4,"warriorsofpastepoch:thickened_skin":3,"minecraft:gravel":15,"minecraft:blackstone":31,"born_in_chaos_v1:fire_dust":1,"minecraft:pointed_dripstone":8,"born_in_chaos_v1:ethereal_spirit":21,"aether:leather_gloves":3,"minecraft:mossy_stone_brick_slab":5,"arthropocolypse:gilded_scale":7,"minecraft:carrot":229,"patchouli:guide_book":1,"aquamirae:anglers_fang":1,"minecraft:chiseled_stone_bricks":2,"minecraft:sandstone_wall":6,"gnumus:gnumus_doubloons":2,"minecraft:poppy":7,"minecraft:mangrove_log":3,"minecraft:gunpowder":12,"herbology:might_blossom_seed":1,"minecraft:blade_pottery_sherd":1,"aquamirae:esca":1,"minecraft:beetroot_seeds":3,"born_in_chaos_v1:corpse_maggot":27,"minecraft:chest":5,"aether:golden_ring":2,"radiation_zone:natural_uranium":1,"minecraft:iron_ore":1,"minecraft:arrow":204,"warriorsofpastepoch:rat_carcass":2,"minecraft:quartz":21,"minecraft:netherrack":178,"minecraft:water_bucket":1,"minecraft:bread":116,"minecraft:oak_slab":3,"minecraft:mossy_cobblestone":6,"minecraft:diamond_leggings":1,"minecraft:poisonous_potato":3,"minecraft:golden_axe":1,"minecraft:lead":2,"stalwart_dungeons:iron_hammer":1,"minecraft:copper_ingot":3,"minecraft:grass_block":1,"radiation_zone:decaying_stone":2,"minecraft:stick":41,"minecraft:iron_block":14,"minecraft:nether_gold_ore":5,"born_in_chaos_v1:river_mint":8,"minecraft:sculk_catalyst":2,"minecraft:torch":16,"warriorsofpastepoch:plague_serum_black_death":1,"born_in_chaos_v1:fused_bone":9,"born_in_chaos_v1:lifestealer_bone":1,"minecraft:iron_axe":3,"minecraft:tripwire_hook":2,"minecraft:bucket":1,"minecraft:dandelion":17,"minecraft:redstone":7,"warriorsofpastepoch:batwing":1,"minecraft:blue_terracotta":5,"minecraft:kelp":37,"minecraft:sweet_berries":15,"born_in_chaos_v1:black_argillite_brick_stairs":1,"minecraft:oak_trapdoor":8,"minecraft:blaze_rod":2,"minecraft:coarse_dirt":1,"minecraft:raw_copper":8,"minecraft:tuff":17,"born_in_chaos_v1:black_argillite_button":2,"born_in_chaos_v1:spiritual_dust":2,"born_in_chaos_v1:charmof_fury":1,"minecraft:red_terracotta":5,"minecraft:flint_and_steel":1,"minecraft:copper_ore":19,"man:tearoftheman":5,"aether:book_of_lore":1,"minecraft:mud_bricks":21,"gnumus:gnumus_clay":75,"minecraft:diamond_chestplate":1,"gnumus:gnumus_pouch_2":4,"minecraft:orange_terracotta":1,"minecraft:andesite":3,"minecraft:iron_chestplate":1,"born_in_chaos_v1:spiny_shell":13,"minecraft:oak_sapling":352,"minecraft:diamond_boots":2,"minecraft:spruce_log":2,"totemic:tipi":1,"minecraft:stone_pickaxe":1,"minecraft:wooden_pickaxe":1,"minecraft:nautilus_shell":3,"minecraft:white_stained_glass":2},"minecraft:killed":{"arthropocolypse:ice_crawler":1,"illagerinvasion:archivist":6,"minecraft:cave_spider":14,"born_in_chaos_v1:restless_spirit":5,"born_in_chaos_v1:zombie_lumberjack":7,"born_in_chaos_v1:skeleton_demoman":4,"born_in_chaos_v1:door_knight_not_despawn":1,"born_in_chaos_v1:siamese_skeletonsright":4,"illagerinvasion:basher":8,"born_in_chaos_v1:baby_skeleton_minion":9,"minecraft:pufferfish":7,"warriorsofpastepoch:scavenger_rat":5,"minecraft:skeleton":60,"adventurez:blaze_guardian":2,"born_in_chaos_v1:skeleton_thrasher":3,"born_in_chaos_v1:supreme_bonescaller_stage_2":6,"cataclysm:kobolediator":1,"cataclysm:wadjet":2,"minecraft:tropical_fish":1,"illagerinvasion:necromancer":1,"minecraft:magma_cube":10,"alexscaves:gammaroach":2,"man:managgresive":5,"naturalist:snake":1,"zesshou_echoes_of_the_forlorn:tormentor":86,"born_in_chaos_v1:bone_imp":2,"gnumus:big_snout":3,"minecraft:iron_golem":4,"cataclysm:ancient_remnant":1,"minecraft:pillager":26,"minecraft:zombie":100,"stalwart_dungeons:incomplete_wither":1,"born_in_chaos_v1:corpse_fly":16,"cataclysm:deepling":1,"born_in_chaos_v1:door_knight":4,"arthropocolypse:behemoth_desert_scorpion":10,"takesapillage:archer":1,"minecraft:cow":4,"minecraft:evoker":3,"alexscaves:brainiac":3,"graveyard:nightmare":1,"minecraft:vindicator":20,"illagerinvasion:marauder":6,"born_in_chaos_v1:skeleton_thrasher_not_despawn":5,"born_in_chaos_v1:thornshell_crab":4,"born_in_chaos_v1:firelight":2,"mowziesmobs:ferrous_wroughtnaut":1,"gnumus:gnumus_hunter":21,"minecraft:warden":1,"adventurez:orc":15,"born_in_chaos_v1:barrel_zombie":8,"cataclysm:koboleton":20,"zesshou_echoes_of_the_forlorn:deceased_zombie":44,"gnumus:gnumus_hunter_not_dispawn":7,"born_in_chaos_v1:spiritof_chaos":2,"minecraft:husk":4,"graveyard:ghoul":4,"born_in_chaos_v1:bone_imp_minion":17,"adventurez:soul_reaper":1,"minecraft:ravager":1,"raided:necromancer":1,"born_in_chaos_v1:decrepit_skeleton":20,"gnumus:gnumus_merchant":1,"born_in_chaos_v1:bloody_gadfly":4,"adventurez:deer":2,"arthropocolypse:behemoth_desert_spider":1,"zesshou_echoes_of_the_forlorn:reaper_skeleton":1,"born_in_chaos_v1:dark_vortex":5,"born_in_chaos_v1:controlled_baby_skeleton":1,"minecraft:enderman":4,"adventurez:summoner":2,"born_in_chaos_v1:lifestealer_true_form":2,"born_in_chaos_v1:zombie_clown":3,"minecraft:zombified_piglin":1,"graveyard:skeleton_creeper":3,"zesshou_echoes_of_the_forlorn:dreadhoof":18,"minecraft:spider":76,"cataclysm:netherite_monstrosity":1,"minecraft:wither":1,"born_in_chaos_v1:scarlet_persecutor":12,"zesshou_echoes_of_the_forlorn:zombie_brute":9,"gnumus:pitcher_mousse":6,"illagerinvasion:provoker":13,"minecraft:illusioner":1,"minecraft:piglin_brute":11,"born_in_chaos_v1:firelight_not_despawn":7,"minecraft:piglin":12,"born_in_chaos_v1:bonescaller":4,"gnumus:gnumus_shaman":2,"minecraft:zombie_villager":1,"illagerinvasion:alchemist":2,"minecraft:creeper":38,"mowziesmobs:lantern":1,"minecraft:sheep":11,"born_in_chaos_v1:zombie_fisherman":2,"born_in_chaos_v1:dread_hound":8,"minecraft:stray":23,"raided:inquisitor":2,"born_in_chaos_v1:siamese_skeletonsleft":5,"minecraft:blaze":12,"raided:electromancer":1,"minecraft:vex":8,"born_in_chaos_v1:missioner":2,"born_in_chaos_v1:zombie_clown_not_despawn":1,"takesapillage:legioner":1,"aquamirae:maze_mother":1,"born_in_chaos_v1:zombie_bruiser":8,"alexscaves:nucleeper":3,"born_in_chaos_v1:maggot":49,"gnumus:gnumus_worker":5,"takesapillage:clay_golem":10,"zesshou_echoes_of_the_forlorn:brewer_skeleton":42,"arthropocolypse:millipede_head":1,"minecraft:drowned":42,"born_in_chaos_v1:corpse_fish":6,"zesshou_echoes_of_the_forlorn:crying_skeleton":8,"adventurez:piglin_beast":1,"born_in_chaos_v1:fallen_chaos_knight":5,"born_in_chaos_v1:felsteed":1,"aquamirae:maw":2,"born_in_chaos_v1:baby_skeleton":8,"arthropocolypse:scarab":7,"stalwart_dungeons:reinforced_blaze":1,"born_in_chaos_v1:swarmer":2,"born_in_chaos_v1:spirit_guide_assistant":1,"takesapillage:skirmisher":1,"zesshou_echoes_of_the_forlorn:fallen_knight":9,"mowziesmobs:umvuthana_follower_raptor":1,"warriorsofpastepoch:skeleton_musketeer":4,"minecraft:hoglin":6,"aquamirae:anglerfish":1,"born_in_chaos_v1:bonescaller_not_despawn":7,"born_in_chaos_v1:nightmare_stalker":6,"minecraft:wither_skeleton":1,"minecraft:player":1,"minecraft:villager":2},"minecraft:mined":{"minecraft:cut_sandstone_slab":6,"minecraft:white_bed":8,"minecraft:potted_crimson_roots":1,"minecraft:jungle_leaves":4,"minecraft:obsidian":65,"minecraft:granite":7,"minecraft:acacia_log":9,"born_in_chaos_v1:dark_metal_deposit":40,"minecraft:jungle_log":1794,"minecraft:deepslate_bricks":217,"minecraft:deepslate_tile_stairs":4,"minecraft:oak_wall_sign":4,"minecraft:nether_wart":1,"minecraft:chiseled_stone_bricks":2,"minecraft:spawner":55,"minecraft:weeping_vines_plant":1,"minecraft:tall_seagrass":30,"minecraft:polished_blackstone_bricks":4,"minecraft:magma_block":66,"minecraft:cobbled_deepslate":24,"minecraft:fire":206,"minecraft:pumpkin":1,"minecraft:moss_carpet":1,"minecraft:deepslate_lapis_ore":13,"minecraft:fletching_table":2,"minecraft:enchanting_table":2,"minecraft:sculk_shrieker":4,"minecraft:polished_deepslate_slab":1,"blue_skies:spider_webbing":1,"minecraft:dirt_path":135,"minecraft:oak_stairs":395,"minecraft:deepslate_brick_stairs":7,"minecraft:smooth_sandstone_stairs":4,"born_in_chaos_v1:black_argillite_n":1,"minecraft:iron_block":199,"minecraft:tripwire":12,"minecraft:cut_sandstone":23,"minecraft:kelp_plant":11,"minecraft:deepslate_brick_wall":2,"minecraft:smoker":1,"minecraft:soul_fire":9,"minecraft:deepslate_tile_slab":29,"minecraft:powder_snow":29,"undergarden:depthrock_coal_ore":1,"minecraft:blast_furnace":4,"minecraft:torch":18,"minecraft:dead_bush":3,"minecraft:white_stained_glass_pane":5,"radiation_zone:deepslate_natural_uranium":7,"herbology:ember_leaf_plant":2,"minecraft:smooth_quartz_slab":1,"minecraft:damaged_anvil":1,"minecraft:sugar_cane":1,"minecraft:bricks":9,"minecraft:smooth_sandstone_slab":1,"minecraft:polished_diorite_stairs":1,"minecraft:white_terracotta":119,"minecraft:chain":2,"gnumus:gnumus_clay_block":6,"minecraft:wheat":13,"minecraft:stone_brick_stairs":4,"minecraft:grass":446,"minecraft:oak_fence_gate":1,"minecraft:dark_oak_sapling":23,"born_in_chaos_v1:infernal_evil_pumpkin_s":1,"minecraft:suspicious_gravel":1,"minecraft:deepslate":2342,"minecraft:deepslate_tiles":6,"minecraft:mossy_cobblestone":87,"alexscaves:radrock":52,"minecraft:dark_oak_log":3960,"minecraft:cobbled_deepslate_slab":2,"minecraft:nether_bricks":88,"minecraft:dark_oak_fence":12,"minecraft:jungle_planks":8,"minecraft:crimson_roots":3,"born_in_chaos_v1:puddleofintoxication":4,"minecraft:kelp":12,"minecraft:cartography_table":1,"minecraft:packed_mud":1,"minecraft:snow":3,"minecraft:andesite":145,"herbology:mighty_blossom_plant":5,"minecraft:mossy_stone_brick_stairs":1,"minecraft:potatoes":164,"minecraft:cobblestone_slab":8,"minecraft:vine":37,"gnumus:fragile_gnumus_jug":17,"warriorsofpastepoch:depositof_forgotten_steel":10,"minecraft:bamboo":1,"minecraft:oak_slab":4,"minecraft:redstone_block":1,"minecraft:glass_pane":51,"minecraft:soul_sand":120,"minecraft:stone_brick_slab":8,"minecraft:dandelion":4,"minecraft:smooth_sandstone":25,"minecraft:emerald_ore":17,"minecraft:warped_roots":4,"herbology:hustle_berry_stem":9,"minecraft:copper_ore":72,"minecraft:tall_grass":76,"minecraft:deepslate_gold_ore":17,"minecraft:diorite":68,"minecraft:red_terracotta":5,"minecraft:coarse_dirt":1,"graveyard:vase_block":3,"minecraft:cobblestone_wall":4,"minecraft:birch_leaves":8,"upgrade_aquatic:flowering_rush":3,"cataclysm:sandstone_falling_trap":2,"minecraft:gravel":399,"minecraft:cobweb":1,"minecraft:stone_bricks":719,"minecraft:gold_ore":9,"minecraft:fern":13,"herbology:hustle_berry_fruit":18,"minecraft:farmland":110,"minecraft:stone_pressure_plate":1,"warriorsofpastepoch:cistus":3,"minecraft:andesite_stairs":1,"minecraft:mossy_stone_brick_slab":5,"minecraft:sculk_vein":2,"minecraft:cobblestone_stairs":29,"minecraft:brewing_stand":1,"cataclysm:sandstone_ignite_trap":4,"herbology:vital_cactus":1,"minecraft:grass_block":2767,"minecraft:soul_soil":24,"minecraft:mud_bricks":20,"minecraft:composter":3,"minecraft:smooth_stone":3,"cataclysm:sandstone_poison_dart_trap":1,"minecraft:raw_iron_block":1,"minecraft:mossy_cobblestone_slab":2,"minecraft:glowstone":1,"minecraft:iron_ore":736,"born_in_chaos_v1:black_argillite_brick_stairs":7,"minecraft:anvil":1,"minecraft:brown_bed":2,"minecraft:red_tulip":1,"alexscaves:underweed":1,"minecraft:iron_bars":2,"minecraft:granite_stairs":1,"minecraft:deepslate_redstone_ore":5,"minecraft:blackstone":49,"minecraft:orange_terracotta":1,"stalwart_dungeons:soul_tiles":1,"minecraft:soul_lantern":7,"minecraft:clay":1,"minecraft:beacon":2,"minecraft:chest":43,"minecraft:mushroom_stem":2,"minecraft:wither_skeleton_wall_skull":4,"minecraft:nether_quartz_ore":17,"minecraft:cobblestone":761,"minecraft:birch_wood":74,"minecraft:grindstone":2,"minecraft:oak_planks":380,"minecraft:wall_torch":7,"minecraft:seagrass":9,"minecraft:warped_nylium":28,"minecraft:blue_terracotta":2,"minecraft:birch_trapdoor":2,"minecraft:birch_log":331,"minecraft:stripped_oak_wood":2,"born_in_chaos_v1:river_mint":16,"minecraft:tnt":9,"minecraft:smooth_stone_slab":15,"minecraft:yellow_stained_glass_pane":5,"minecraft:cracked_deepslate_tiles":1,"minecraft:oak_log":1559,"minecraft:beetroots":1,"alexscaves:cinder_block":4,"minecraft:dirt":2382,"minecraft:sand":193,"minecraft:wither_skeleton_skull":2,"minecraft:netherrack":3258,"minecraft:ancient_debris":23,"minecraft:oak_leaves":47,"minecraft:nether_gold_ore":5,"alexscaves:spelunkery_table":1,"minecraft:diamond_ore":1,"minecraft:tuff":63,"minecraft:red_carpet":4,"upgrade_aquatic:river_log":4,"minecraft:deepslate_diamond_ore":37,"minecraft:oak_door":19,"minecraft:ladder":7,"gravestone:gravestone":28,"cataclysm:kobolediator_skull":1,"minecraft:decorated_pot":8,"cataclysm:chiseled_stone_brick_pillar":3,"minecraft:brick_stairs":1,"minecraft:polished_andesite_slab":4,"minecraft:spruce_leaves":12,"minecraft:infested_chiseled_stone_bricks":2,"minecraft:sandstone":12,"minecraft:large_fern":2,"minecraft:hay_block":31,"alexscaves:radrock_uranium_ore":23,"minecraft:oak_trapdoor":16,"gnumus:scion_weed":1,"minecraft:potted_dark_oak_sapling":4,"minecraft:furnace":13,"minecraft:carrots":106,"minecraft:raw_gold_block":6,"minecraft:chiseled_sandstone":4,"minecraft:peony":1,"minecraft:gold_block":6,"minecraft:bell":1,"minecraft:bookshelf":60,"minecraft:deepslate_iron_ore":56,"minecraft:lantern":2,"minecraft:stripped_oak_log":52,"minecraft:stone":8514,"herbology:salt_block":37,"born_in_chaos_v1:marigolds":1,"minecraft:snow_block":7,"minecraft:basalt":8,"minecraft:oak_fence":60,"minecraft:crafting_table":17,"alexscaves:radrock_bricks":3,"minecraft:blackstone_slab":1,"born_in_chaos_v1:black_argillite_brick_n":1,"minecraft:andesite_slab":3,"minecraft:lectern":162,"born_in_chaos_v1:chipped_black_argillite_brick":2,"minecraft:lapis_ore":9,"zesshou_echoes_of_the_forlorn:diamond_gilded_blackstone":4,"minecraft:sculk":8,"minecraft:birch_planks":2,"minecraft:cactus":18,"alexscaves:waste_drum":1,"minecraft:yellow_bed":5,"minecraft:coal_ore":684,"minecraft:gray_carpet":1,"minecraft:cracked_stone_bricks":11,"minecraft:terracotta":4,"minecraft:polished_andesite":1,"minecraft:mossy_stone_bricks":7},"minecraft:killed_by":{"born_in_chaos_v1:nightmare_stalker":2,"alexscaves:brainiac":2,"born_in_chaos_v1:lifestealer_true_form":1,"minecraft:stray":1,"zesshou_echoes_of_the_forlorn:crying_skeleton":1,"man:managgresive":2,"zesshou_echoes_of_the_forlorn:deceased_zombie":1,"minecraft:player":4,"zesshou_echoes_of_the_forlorn:dreadhoof":2,"zesshou_echoes_of_the_forlorn:tormentor":1}},"DataVersion":3465}