{"stats":{"minecraft:custom":{"minecraft:interact_with_crafting_table":56,"minecraft:open_barrel":66,"minecraft:bell_ring":1,"minecraft:leave_game":4,"minecraft:time_since_death":1369,"minecraft:sprint_one_cm":1056268,"minecraft:damage_blocked_by_shield":5395,"minecraft:drop":229,"minecraft:talked_to_villager":49,"minecraft:play_time":370907,"minecraft:deaths":15,"minecraft:jump":6350,"minecraft:interact_with_brewingstand":6,"minecraft:enchant_item":4,"minecraft:walk_on_water_one_cm":31835,"minecraft:interact_with_furnace":52,"minecraft:traded_with_villager":160,"minecraft:sleep_in_bed":14,"minecraft:damage_dealt":38065,"minecraft:crouch_one_cm":42373,"minecraft:interact_with_smoker":16,"minecraft:inspect_dispenser":1,"minecraft:mob_kills":166,"minecraft:damage_dealt_resisted":2444,"minecraft:climb_one_cm":12678,"minecraft:walk_one_cm":1115772,"minecraft:damage_dealt_absorbed":80,"minecraft:sneak_time":13337,"minecraft:walk_under_water_one_cm":12076,"minecraft:interact_with_blast_furnace":29,"minecraft:total_world_time":370907,"minecraft:interact_with_grindstone":1,"minecraft:time_since_rest":1398,"minecraft:damage_taken":11638,"minecraft:swim_one_cm":52229,"minecraft:fly_one_cm":1144916,"minecraft:open_chest":284,"minecraft:fall_one_cm":196783},"minecraft:picked_up":{"minecraft:wheat":5,"gnumus:gnumus_claw":10,"minecraft:brown_bed":2,"minecraft:oak_stairs":164,"minecraft:stone_brick_stairs":1,"minecraft:brewing_stand":1,"zesshou_echoes_of_the_forlorn:possesed_potion":2,"minecraft:string":31,"minecraft:raw_copper":4,"minecraft:cobbled_deepslate":120,"minecraft:smooth_stone":5,"warriorsofpastepoch:rat_carcass":8,"minecraft:enchanted_golden_apple":1,"herbology:might_blossom_seed":8,"minecraft:furnace":5,"minecraft:tipped_arrow":6,"minecraft:stick":67,"born_in_chaos_v1:shattered_skull":2,"minecraft:composter":3,"minecraft:birch_trapdoor":3,"minecraft:oak_fence":1,"minecraft:torch":14,"minecraft:pointed_dripstone":6,"born_in_chaos_v1:nightmare_claw":2,"born_in_chaos_v1:black_argillite_brick_stairs":2,"herbology:hustle_berry":37,"gnumus:wrapper_with_goods":1,"gnumus:vintage_metal":3,"minecraft:rotten_flesh":11,"minecraft:iron_block":4,"gnumus:gnumus_chickpeas":3,"zesshou_echoes_of_the_forlorn:tainted_tender_potion":1,"minecraft:obsidian":4,"minecraft:blaze_powder":3,"minecraft:cobblestone":722,"minecraft:enchanting_table":1,"minecraft:birch_log":36,"born_in_chaos_v1:staffof_magic_arrows":1,"gnumus:gnumus_doubloons":5,"born_in_chaos_v1:spiritual_dust":11,"minecraft:andesite":2,"minecraft:jungle_log":663,"gnumus:overripe_carrot":2,"minecraft:smoker":1,"minecraft:flint":5,"minecraft:tuff":1,"herbology:vital_cactus":1,"born_in_chaos_v1:black_argillite_button":3,"minecraft:lapis_lazuli":100,"minecraft:dirt":40,"gnumus:gnumus_pouch_2":2,"born_in_chaos_v1:monster_skin":4,"minecraft:bone":81,"minecraft:raw_gold":6,"minecraft:bow":1,"minecraft:wheat_seeds":25,"minecraft:orange_tulip":1,"stalwart_dungeons:iron_hammer":1,"adventurez:raw_venison":4,"minecraft:bell":1,"minecraft:grindstone":2,"minecraft:fletching_table":1,"minecraft:bamboo":66,"minecraft:oak_planks":82,"minecraft:poisonous_potato":2,"minecraft:jungle_planks":8,"minecraft:dark_oak_log":2,"minecraft:red_terracotta":5,"minecraft:mossy_cobblestone":24,"warriorsofpastepoch:forgotten_steel":10,"minecraft:blue_terracotta":5,"born_in_chaos_v1:fire_dust":5,"minecraft:diamond":22,"minecraft:granite":3,"minecraft:oak_sapling":8,"minecraft:dark_oak_fence":6,"minecraft:bricks":6,"minecraft:crimson_roots":2,"minecraft:diamond_pickaxe":2,"minecraft:cocoa_beans":1,"minecraft:coarse_dirt":1,"minecraft:crafting_table":8,"minecraft:clay_ball":4,"born_in_chaos_v1:seedof_chaos":8,"minecraft:brown_mushroom":2,"minecraft:wooden_pickaxe":1,"minecraft:gold_block":2,"minecraft:chain":5,"gravestone:obituary":6,"aether:leather_gloves":2,"minecraft:iron_axe":1,"minecraft:oak_trapdoor":4,"minecraft:moss_carpet":3,"graveyard:corruption":1,"minecraft:cracked_stone_bricks":2,"minecraft:cartography_table":1,"minecraft:beef":7,"born_in_chaos_v1:gnawed_bones":1,"minecraft:jungle_sapling":57,"minecraft:poppy":6,"minecraft:lectern":1,"minecraft:chest":3,"minecraft:birch_sapling":1,"minecraft:raw_iron":113,"minecraft:polished_deepslate_slab":1,"minecraft:oak_door":4,"gnumus:juicy_meat":14,"sophisticatedbackpacks:backpack":1,"totemic:tipi":1,"born_in_chaos_v1:pieceofdarkmetal":20,"minecraft:carrot":65,"minecraft:redstone":4,"herbology:vital_cactus_seed":1,"minecraft:arrow":21,"minecraft:hay_block":20,"alexscaves:spelunkery_table":1,"minecraft:yellow_terracotta":2,"minecraft:gold_ingot":6,"sophisticatedbackpacks:copper_backpack":3,"born_in_chaos_v1:trident_hayfork":3,"minecraft:mutton":14,"minecraft:white_wool":11,"born_in_chaos_v1:fused_bone":2,"born_in_chaos_v1:corpse_maggot":3,"minecraft:mud_bricks":23,"herbology:hustle_berry_seed":36,"born_in_chaos_v1:monster_flesh":3,"minecraft:leather":6,"gnumus:gnumus_pouch":4,"minecraft:packed_mud":1,"minecraft:oak_log":114,"minecraft:yellow_glazed_terracotta":4,"minecraft:golden_boots":1,"minecraft:yellow_bed":3,"minecraft:gunpowder":12,"minecraft:cobblestone_stairs":6,"minecraft:paper":2,"radiation_zone:natural_uranium":7,"arthropocolypse:ice_crawler_meat":2,"minecraft:red_carpet":4,"minecraft:apple":1,"minecraft:iron_ingot":25,"minecraft:glass_bottle":1,"minecraft:soul_sand":5,"minecraft:book":180,"minecraft:oak_slab":1,"born_in_chaos_v1:death_totem":1,"zesshou_echoes_of_the_forlorn:elderflame_potion":1,"born_in_chaos_v1:orbofthe_summoner":2,"born_in_chaos_v1:ethereal_spirit":7,"minecraft:dandelion":9,"minecraft:raw_iron_block":1,"minecraft:gravel":55,"born_in_chaos_v1:dark_rod":5,"minecraft:blast_furnace":4,"minecraft:white_bed":6,"minecraft:spruce_log":1,"minecraft:mossy_stone_brick_slab":1,"minecraft:spider_eye":9,"minecraft:leather_helmet":1,"minecraft:stone_axe":2,"herbology:mighty_blossom":6,"minecraft:damaged_anvil":1,"minecraft:smooth_quartz_slab":1,"minecraft:coal":259},"minecraft:broken":{"minecraft:iron_boots":1,"minecraft:iron_chestplate":1,"minecraft:iron_leggings":1,"minecraft:stone_axe":1,"minecraft:iron_axe":3,"minecraft:iron_pickaxe":2,"minecraft:iron_helmet":1},"minecraft:used":{"stalwart_dungeons:iron_hammer":144,"minecraft:iron_shovel":52,"minecraft:smooth_quartz_slab":1,"minecraft:poppy":2,"minecraft:chest":10,"minecraft:shield":107,"minecraft:bell":1,"herbology:hustle_berry_seed":2,"minecraft:soul_sand":5,"herbology:hustle_berry":35,"minecraft:jungle_planks":55,"minecraft:carrot":18,"zesshou_echoes_of_the_forlorn:possesed_potion":1,"minecraft:obsidian":1,"minecraft:jungle_sapling":24,"born_in_chaos_v1:gnawed_bones":1,"minecraft:birch_trapdoor":3,"minecraft:furnace":7,"minecraft:egg":1,"minecraft:damaged_anvil":1,"minecraft:stone_pickaxe":61,"minecraft:ender_pearl":5,"minecraft:wooden_pickaxe":3,"minecraft:diamond_axe":99,"herbology:vital_cactus":1,"minecraft:blast_furnace":5,"sophisticatedbackpacks:backpack":1,"minecraft:bread":51,"minecraft:lectern":1,"minecraft:grindstone":1,"minecraft:bone_meal":261,"minecraft:experience_bottle":128,"minecraft:netherite_sword":5,"minecraft:enchanting_table":2,"minecraft:flint_and_steel":15,"minecraft:torch":101,"minecraft:dirt":1,"minecraft:brewing_stand":1,"minecraft:granite":2,"minecraft:wooden_axe":17,"minecraft:bookshelf":18,"minecraft:iron_axe":1133,"minecraft:oak_stairs":2,"minecraft:jungle_log":15,"minecraft:mud_bricks":2,"minecraft:beef":1,"minecraft:cooked_beef":18,"minecraft:cobbled_deepslate":107,"minecraft:brown_bed":1,"born_in_chaos_v1:trident_hayfork":347,"minecraft:water_bucket":59,"minecraft:baked_potato":24,"minecraft:fletching_table":4,"minecraft:polished_deepslate_slab":1,"minecraft:mossy_cobblestone":15,"minecraft:crafting_table":13,"minecraft:white_bed":9,"zesshou_echoes_of_the_forlorn:tainted_tender_potion":1,"minecraft:smoker":2,"minecraft:oak_log":1,"minecraft:diamond_pickaxe":703,"minecraft:apple":5,"minecraft:iron_pickaxe":501,"minecraft:stone_axe":75,"minecraft:cobblestone":512,"minecraft:bucket":60,"minecraft:yellow_bed":3,"warriorsofpastepoch:rat_carcass":1},"minecraft:crafted":{"minecraft:smooth_stone":1,"minecraft:oak_planks":472,"minecraft:birch_boat":1,"minecraft:stone":6,"minecraft:bookshelf":23,"patchouli:guide_book":1,"minecraft:iron_boots":2,"minecraft:chest":8,"stalwart_dungeons:iron_hammer":1,"minecraft:smoker":1,"minecraft:emerald":169,"minecraft:diamond_axe":1,"minecraft:crafting_table":5,"minecraft:iron_helmet":2,"minecraft:wooden_pickaxe":1,"minecraft:baked_potato":24,"minecraft:copper_ingot":9,"minecraft:fletching_table":5,"minecraft:birch_planks":140,"minecraft:iron_chestplate":2,"minecraft:shield":4,"minecraft:charcoal":1,"minecraft:diamond_pickaxe":1,"minecraft:emerald_block":19,"minecraft:stick":5224,"minecraft:iron_ingot":106,"minecraft:iron_pickaxe":2,"minecraft:gold_ingot":70,"minecraft:raw_iron":9,"minecraft:furnace":2,"minecraft:blast_furnace":1,"minecraft:bone_meal":279,"minecraft:flint_and_steel":1,"minecraft:iron_axe":5,"minecraft:stone_pickaxe":1,"warriorsofpastepoch:forgotten_steel_ingot":4,"born_in_chaos_v1:trident_hayfork":1,"minecraft:wheat":180,"minecraft:cooked_beef":18,"minecraft:enchanting_table":1,"minecraft:bucket":1,"minecraft:stone_axe":1,"minecraft:bread":60,"minecraft:jungle_planks":2240,"minecraft:air":0,"minecraft:raw_gold":36,"minecraft:wooden_axe":1,"minecraft:iron_shovel":1,"minecraft:iron_leggings":2,"minecraft:white_bed":2,"minecraft:torch":76},"minecraft:dropped":{"minecraft:brown_mushroom":2,"minecraft:lapis_lazuli":21,"gnumus:overripe_carrot":1,"minecraft:golden_pickaxe":1,"minecraft:glass_bottle":3,"minecraft:orange_tulip":2,"minecraft:leather":12,"minecraft:cracked_stone_bricks":2,"minecraft:leather_helmet":1,"minecraft:emerald":8,"minecraft:cobblestone_stairs":1,"minecraft:packed_mud":1,"minecraft:dirt":21,"minecraft:dark_oak_log":2,"gnumus:gnumus_claw":10,"minecraft:dark_oak_fence":6,"minecraft:crimson_roots":2,"minecraft:chain":5,"minecraft:jungle_sapling":8,"gravestone:obituary":20,"born_in_chaos_v1:trident_hayfork":2,"minecraft:white_wool":5,"minecraft:gravel":6,"minecraft:stone_axe":2,"minecraft:cobbled_deepslate":8,"minecraft:birch_sapling":1,"minecraft:wheat":5,"minecraft:pointed_dripstone":6,"minecraft:rotten_flesh":10,"aether:leather_gloves":3,"herbology:hustle_berry":1,"minecraft:oak_planks":2,"minecraft:enchanted_golden_apple":2,"minecraft:mossy_stone_brick_slab":1,"minecraft:golden_shovel":1,"minecraft:white_bed":1,"minecraft:carrot":56,"patchouli:guide_book":1,"minecraft:poppy":4,"herbology:might_blossom_seed":1,"born_in_chaos_v1:corpse_maggot":3,"minecraft:chest":1,"radiation_zone:natural_uranium":1,"warriorsofpastepoch:rat_carcass":2,"minecraft:stone_brick_stairs":1,"minecraft:bread":70,"minecraft:iron_ingot":13,"minecraft:golden_boots":1,"minecraft:oak_slab":1,"minecraft:wheat_seeds":31,"herbology:vital_cactus_seed":1,"minecraft:mossy_cobblestone":4,"minecraft:poisonous_potato":2,"minecraft:yellow_terracotta":2,"minecraft:golden_axe":1,"minecraft:cobblestone":2,"stalwart_dungeons:iron_hammer":1,"minecraft:apple":9,"minecraft:granite":1,"minecraft:stick":4,"minecraft:wooden_axe":1,"minecraft:yellow_glazed_terracotta":4,"zesshou_echoes_of_the_forlorn:predominant_tooth":1,"herbology:mighty_blossom":1,"minecraft:smooth_stone":2,"minecraft:paper":2,"minecraft:string":1,"minecraft:dandelion":9,"minecraft:redstone":1,"minecraft:blue_terracotta":5,"minecraft:bricks":6,"minecraft:moss_carpet":3,"born_in_chaos_v1:black_argillite_brick_stairs":1,"minecraft:coarse_dirt":1,"minecraft:raw_copper":4,"minecraft:cocoa_beans":1,"gnumus:vintage_metal":2,"minecraft:tuff":1,"born_in_chaos_v1:black_argillite_button":2,"minecraft:clay_ball":4,"minecraft:shears":1,"minecraft:red_terracotta":5,"minecraft:mud_bricks":21,"minecraft:diamond_pickaxe":2,"minecraft:andesite":2,"minecraft:oak_sapling":26,"minecraft:spider_eye":4,"minecraft:bamboo":2,"minecraft:spruce_log":1,"totemic:tipi":1,"minecraft:stone_pickaxe":1,"minecraft:wooden_pickaxe":1},"minecraft:killed":{"arthropocolypse:ice_crawler":1,"minecraft:cave_spider":3,"graveyard:skeleton_creeper":2,"born_in_chaos_v1:restless_spirit":1,"born_in_chaos_v1:zombie_lumberjack":1,"born_in_chaos_v1:door_knight_not_despawn":1,"born_in_chaos_v1:skeleton_demoman":1,"minecraft:spider":17,"born_in_chaos_v1:siamese_skeletonsright":1,"born_in_chaos_v1:baby_skeleton_minion":1,"born_in_chaos_v1:scarlet_persecutor":2,"warriorsofpastepoch:scavenger_rat":5,"minecraft:skeleton":14,"gnumus:pitcher_mousse":4,"born_in_chaos_v1:supreme_bonescaller_stage_2":1,"born_in_chaos_v1:firelight_not_despawn":4,"born_in_chaos_v1:bonescaller":1,"gnumus:big_snout":3,"minecraft:iron_golem":2,"minecraft:sheep":11,"minecraft:zombie":16,"born_in_chaos_v1:dread_hound":3,"born_in_chaos_v1:corpse_fly":5,"minecraft:stray":12,"born_in_chaos_v1:siamese_skeletonsleft":1,"minecraft:cow":4,"born_in_chaos_v1:zombie_clown_not_despawn":1,"born_in_chaos_v1:skeleton_thrasher_not_despawn":2,"born_in_chaos_v1:zombie_bruiser":1,"born_in_chaos_v1:maggot":3,"zesshou_echoes_of_the_forlorn:brewer_skeleton":7,"gnumus:gnumus_hunter":6,"zesshou_echoes_of_the_forlorn:crying_skeleton":3,"zesshou_echoes_of_the_forlorn:deceased_zombie":4,"graveyard:ghoul":1,"born_in_chaos_v1:bone_imp_minion":5,"born_in_chaos_v1:baby_skeleton":1,"born_in_chaos_v1:decrepit_skeleton":1,"adventurez:deer":2,"born_in_chaos_v1:dark_vortex":3,"zesshou_echoes_of_the_forlorn:reaper_skeleton":1,"born_in_chaos_v1:bonescaller_not_despawn":2,"born_in_chaos_v1:nightmare_stalker":2,"minecraft:villager":2},"minecraft:mined":{"herbology:hustle_berry_fruit":18,"minecraft:white_bed":5,"minecraft:mossy_stone_brick_slab":1,"minecraft:cobblestone_stairs":6,"minecraft:sculk_vein":1,"minecraft:jungle_leaves":4,"minecraft:brewing_stand":1,"minecraft:obsidian":4,"herbology:vital_cactus":1,"minecraft:granite":2,"minecraft:grass_block":4,"born_in_chaos_v1:dark_metal_deposit":14,"minecraft:jungle_log":675,"minecraft:mud_bricks":20,"minecraft:composter":3,"minecraft:spawner":11,"minecraft:raw_iron_block":1,"minecraft:iron_ore":88,"minecraft:cobbled_deepslate":5,"minecraft:fire":9,"born_in_chaos_v1:black_argillite_brick_stairs":7,"minecraft:fletching_table":1,"minecraft:deepslate_lapis_ore":11,"minecraft:enchanting_table":1,"minecraft:brown_bed":2,"minecraft:sculk_shrieker":1,"minecraft:polished_deepslate_slab":1,"blue_skies:spider_webbing":1,"minecraft:dirt_path":1,"minecraft:oak_stairs":165,"minecraft:iron_block":4,"minecraft:tripwire":1,"minecraft:smoker":1,"minecraft:soul_fire":1,"minecraft:clay":1,"minecraft:torch":3,"minecraft:blast_furnace":4,"minecraft:chest":3,"radiation_zone:deepslate_natural_uranium":7,"minecraft:mushroom_stem":2,"minecraft:smooth_quartz_slab":1,"minecraft:cobblestone":174,"minecraft:damaged_anvil":1,"minecraft:grindstone":2,"minecraft:oak_planks":82,"minecraft:bricks":7,"minecraft:wall_torch":2,"minecraft:blue_terracotta":2,"minecraft:birch_log":37,"minecraft:wheat":3,"minecraft:birch_trapdoor":1,"minecraft:stone_brick_stairs":1,"minecraft:grass":33,"minecraft:oak_log":115,"minecraft:deepslate":117,"minecraft:oak_leaves":2,"alexscaves:spelunkery_table":1,"minecraft:tuff":1,"minecraft:mossy_cobblestone":24,"minecraft:deepslate_diamond_ore":18,"minecraft:oak_door":3,"minecraft:cobbled_deepslate_slab":1,"gravestone:gravestone":14,"minecraft:dark_oak_fence":4,"minecraft:decorated_pot":4,"minecraft:jungle_planks":8,"minecraft:spruce_leaves":1,"minecraft:cartography_table":1,"minecraft:large_fern":1,"minecraft:hay_block":20,"minecraft:oak_trapdoor":4,"minecraft:packed_mud":1,"minecraft:furnace":4,"minecraft:carrots":10,"minecraft:andesite":2,"herbology:mighty_blossom_plant":5,"minecraft:peony":1,"minecraft:gold_block":2,"minecraft:bell":1,"minecraft:bookshelf":60,"minecraft:potatoes":1,"minecraft:deepslate_iron_ore":25,"minecraft:vine":18,"gnumus:fragile_gnumus_jug":2,"warriorsofpastepoch:depositof_forgotten_steel":10,"minecraft:bamboo":1,"minecraft:stone":522,"minecraft:oak_slab":1,"minecraft:glass_pane":8,"minecraft:dandelion":3,"minecraft:oak_fence":1,"minecraft:crafting_table":8,"herbology:hustle_berry_stem":9,"minecraft:lectern":1,"minecraft:tall_grass":4,"born_in_chaos_v1:chipped_black_argillite_brick":2,"zesshou_echoes_of_the_forlorn:diamond_gilded_blackstone":4,"minecraft:lapis_ore":5,"minecraft:deepslate_gold_ore":4,"minecraft:red_terracotta":5,"minecraft:coarse_dirt":1,"minecraft:yellow_bed":3,"minecraft:coal_ore":154,"minecraft:gravel":52,"minecraft:gray_carpet":1,"minecraft:cobweb":1,"minecraft:cracked_stone_bricks":2,"minecraft:gold_ore":2,"minecraft:fern":7},"minecraft:killed_by":{"born_in_chaos_v1:nightmare_stalker":2,"minecraft:player":3,"minecraft:stray":1,"zesshou_echoes_of_the_forlorn:dreadhoof":1,"zesshou_echoes_of_the_forlorn:crying_skeleton":1,"zesshou_echoes_of_the_forlorn:tormentor":1}},"DataVersion":3465}